name	contacts
p40343_ub_model_A	29,32,75,78,79,153,155,160,161,162,163,164,165,211,29,32,75,78,79,153,155,160,161,162,163,164,165,211
p40343_ub_model_B	46,47,48,49,59,60,46,47,48,49,59,60
p34222_ub_model_A	156,157,160,161,163,164,156,157,160,161,163,164
p34222_ub_model_B	45,46,47,48,71,72,45,46,47,48,71,72
p28778_ub_model_A	5,49,50,51,94,95,96,97,102,104,105,108,5,49,50,51,94,95,96,97,102,104,105,108
p28778_ub_model_B	8,44,45,46,47,68,71,72,73,8,44,45,46,47,68,71,72,73
p15703_ub_model_A	205,206,208,212,213,216,224,225,226,267,268,269,205,206,208,212,213,216,224,225,226,267,268,269
p15703_ub_model_B	7,8,9,46,47,48,49,60,61,62,68,69,70,72,73,7,8,9,46,47,48,49,60,61,62,68,69,70,72,73
p24869_ub_model_A	254,255,257,260,263,264,267,299,300,301,304,331,332,333,334,335,254,255,257,260,263,264,267,299,300,301,304,331,332,333,334,335
p24869_ub_model_B	6,8,9,10,12,36,68,69,70,71,73,74,75,76,6,8,9,10,12,36,68,69,70,71,73,74,75,76
p40453_ub_model_A	42,43,616,617,618,619,701,702,703,705,706,789,790,791,796,824,834,835,836,837,839,969,970,1010,1011,1012,1013,1014,42,43,616,617,618,619,701,702,703,705,706,789,790,791,796,824,834,835,836,837,839,969,970,1010,1011,1012,1013,1014
p40453_ub_model_B	7,9,10,11,12,13,14,34,35,36,37,46,47,48,49,60,64,65,70,71,72,73,74,75,76,7,9,10,11,12,13,14,34,35,36,37,46,47,48,49,60,64,65,70,71,72,73,74,75,76
p40462_ub_model_A	125,155,291,292,293,295,306,307,314,320,326,327,382,383,386,414,415,420,125,155,291,292,293,295,306,307,314,320,326,327,382,383,386,414,415,420
p40462_ub_model_B	8,9,10,19,20,32,33,34,35,36,37,39,47,57,65,70,71,72,73,74,75,76,8,9,10,19,20,32,33,34,35,36,37,39,47,57,65,70,71,72,73,74,75,76
p15731_ub_model_A	18,19,20,21,23,24,25,36,37,48,49,50,148,18,19,20,21,23,24,25,36,37,48,49,50,148
p15731_ub_model_B	8,10,45,46,47,48,49,8,10,45,46,47,48,49
p0cx72_ub_model_A	214,215,218,222,225,226,243,244,214,215,218,222,225,226,243,244
p0cx72_ub_model_B	8,45,46,47,48,49,68,70,71,72,73,75,76,8,45,46,47,48,49,68,70,71,72,73,75,76
p25623_ub_model_A	125,201,204,205,208,209,211,212,125,201,204,205,208,209,211,212
p25623_ub_model_B	72,73,75,72,73,75
p35127_ub_model_A	10,11,12,13,14,37,38,88,89,90,150,151,152,153,154,155,156,165,166,224,225,226,227,228,10,11,12,13,14,37,38,88,89,90,150,151,152,153,154,155,156,165,166,224,225,226,227,228
p35127_ub_model_B	8,9,39,40,41,42,46,47,71,72,73,74,75,76,8,9,39,40,41,42,46,47,71,72,73,74,75,76
p53259_ub_model_A	88,89,92,95,248,249,250,251,252,253,254,255,256,305,306,307,308,309,88,89,92,95,248,249,250,251,252,253,254,255,256,305,306,307,308,309
p53259_ub_model_B	7,8,9,10,47,48,49,68,70,71,72,73,74,75,76,7,8,9,10,47,48,49,68,70,71,72,73,74,75,76
p32783_ub_model_A	3,4,20,22,23,326,328,329,351,353,354,357,361,3,4,20,22,23,326,328,329,351,353,354,357,361
p32783_ub_model_B	6,8,9,10,11,47,63,64,65,68,70,71,73,75,6,8,9,10,11,47,63,64,65,68,70,71,73,75
p38957_ub_model_A	26,30,43,46,47,97,98,99,26,30,43,46,47,97,98,99
p38957_ub_model_B	8,9,10,45,46,47,48,8,9,10,45,46,47,48
p38041_ub_model_A	22,24,25,27,30,31,46,52,53,54,217,218,219,232,235,238,239,241,243,761,762,763,764,818,819,820,865,868,869,22,24,25,27,30,31,46,52,53,54,217,218,219,232,235,238,239,241,243,761,762,763,764,818,819,820,865,868,869
p38041_ub_model_B	9,10,33,34,35,36,37,39,40,46,47,48,49,51,52,71,72,73,74,75,76,9,10,33,34,35,36,37,39,40,46,47,48,49,51,52,71,72,73,74,75,76
q6q546_ub_model_A	17,18,19,21,22,25,26,29,30,34,17,18,19,21,22,25,26,29,30,34
q6q546_ub_model_B	47,68,72,74,75,47,68,72,74,75
p0cx68_ub_model_A	214,215,218,225,226,244,245,214,215,218,225,226,244,245
p0cx68_ub_model_B	8,42,43,44,45,46,47,49,68,70,72,73,75,8,42,43,44,45,46,47,49,68,70,72,73,75
p38764_ub_model_A	514,516,517,540,541,544,545,548,551,552,583,584,587,589,590,514,516,517,540,541,544,545,548,551,552,583,584,587,589,590
p38764_ub_model_B	8,9,47,48,49,68,71,72,73,74,8,9,47,48,49,68,71,72,73,74
p40210_ub_model_A	327,400,404,407,408,410,411,412,455,456,458,459,462,463,466,467,469,470,471,327,400,404,407,408,410,411,412,455,456,458,459,462,463,466,467,469,470,471
p40210_ub_model_B	9,34,35,36,45,46,47,62,63,64,65,70,72,73,74,75,9,34,35,36,45,46,47,62,63,64,65,70,72,73,74,75
q12040_ub_model_A	135,136,137,139,140,141,143,144,148,151,135,136,137,139,140,141,143,144,148,151
q12040_ub_model_B	45,46,47,48,49,50,72,73,75,76,45,46,47,48,49,50,72,73,75,76
p33202_ub_model_A	1137,1138,1139,1141,1408,1411,1442,1443,1444,1446,1447,1448,1449,1450,1472,1474,1475,1476,1477,1478,1479,1480,1481,1482,1483,1137,1138,1139,1141,1408,1411,1442,1443,1444,1446,1447,1448,1449,1450,1472,1474,1475,1476,1477,1478,1479,1480,1481,1482,1483
p33202_ub_model_B	7,8,9,34,35,36,72,73,74,75,76,7,8,9,34,35,36,72,73,74,75,76
p25566_ub_model_A	60,94,95,96,97,120,121,123,136,137,143,147,148,157,158,60,94,95,96,97,120,121,123,136,137,143,147,148,157,158
p25566_ub_model_B	47,48,68,73,74,75,76,47,48,68,73,74,75,76
p25344_ub_model_A	69,72,252,253,255,256,271,318,319,320,321,322,323,324,327,69,72,252,253,255,256,271,318,319,320,321,322,323,324,327
p25344_ub_model_B	8,9,10,47,68,70,71,72,73,74,75,76,8,9,10,47,68,70,71,72,73,74,75,76
p23201_ub_model_A	25,29,70,71,72,73,75,77,102,426,427,428,429,25,29,70,71,72,73,75,77,102,426,427,428,429
p23201_ub_model_B	7,8,9,68,73,75,7,8,9,68,73,75
p25334_ub_model_A	86,91,92,93,94,95,96,100,136,137,138,86,91,92,93,94,95,96,100,136,137,138
p25334_ub_model_B	8,9,34,35,36,47,70,71,72,73,74,75,76,8,9,34,35,36,47,70,71,72,73,74,75,76
p16550_ub_model_A	115,117,184,185,186,215,218,219,223,226,227,115,117,184,185,186,215,218,219,223,226,227
p16550_ub_model_B	8,9,42,44,45,46,47,48,49,59,67,68,72,8,9,42,44,45,46,47,48,49,59,67,68,72
p53744_ub_model_A	124,125,126,127,142,145,146,150,151,153,154,406,407,124,125,126,127,142,145,146,150,151,153,154,406,407
p53744_ub_model_B	8,9,10,46,47,48,49,68,71,72,73,76,8,9,10,46,47,48,49,68,71,72,73,76
q03964_ub_model_A	214,215,218,221,222,225,226,244,245,214,215,218,221,222,225,226,244,245
q03964_ub_model_B	8,42,43,44,45,46,47,48,49,68,70,71,72,75,8,42,43,44,45,46,47,48,49,68,70,71,72,75
p40985_ub_model_A	558,561,824,827,852,853,854,856,857,858,859,860,881,882,884,885,886,887,888,889,890,891,892,558,561,824,827,852,853,854,856,857,858,859,860,881,882,884,885,886,887,888,889,890,891,892
p40985_ub_model_B	7,8,9,35,70,71,72,73,74,75,76,7,8,9,35,70,71,72,73,74,75,76
p46989_ub_model_A	46,47,49,70,71,72,93,94,95,122,123,46,47,49,70,71,72,93,94,95,122,123
p46989_ub_model_B	32,34,35,36,40,71,72,73,74,75,76,32,34,35,36,40,71,72,73,74,75,76
p32909_ub_model_A	213,214,215,238,654,658,659,662,665,666,675,679,681,682,213,214,215,238,654,658,659,662,665,666,675,679,681,682
p32909_ub_model_B	8,9,10,46,47,65,66,8,9,10,46,47,65,66
p40477_ub_model_A	269,317,323,325,326,332,333,269,317,323,325,326,332,333
p40477_ub_model_B	8,9,40,47,48,49,70,71,72,74,75,8,9,40,47,48,49,70,71,72,74,75
p38824_ub_model_A	61,62,65,66,67,71,76,78,79,80,110,124,127,128,130,131,61,62,65,66,67,71,76,78,79,80,110,124,127,128,130,131
p38824_ub_model_B	7,8,9,34,35,36,37,46,47,68,70,71,72,73,75,76,7,8,9,34,35,36,37,46,47,68,70,71,72,73,75,76
q12245_ub_model_A	22,23,24,36,39,42,43,48,53,56,86,117,22,23,24,36,39,42,43,48,53,56,86,117
q12245_ub_model_B	8,9,10,47,48,49,71,73,75,8,9,10,47,48,49,71,73,75
p43588_ub_model_A	78,79,80,81,82,85,86,88,89,103,104,119,122,125,128,129,131,132,133,78,79,80,81,82,85,86,88,89,103,104,119,122,125,128,129,131,132,133
p43588_ub_model_B	8,9,10,35,36,47,48,49,70,71,72,73,74,75,76,8,9,10,35,36,47,48,49,70,71,72,73,74,75,76
p25037_ub_model_A	108,109,110,111,244,245,246,248,249,351,352,353,376,477,478,479,481,693,694,695,696,697,108,109,110,111,244,245,246,248,249,351,352,353,376,477,478,479,481,693,694,695,696,697
p25037_ub_model_B	8,9,10,35,36,46,47,48,49,62,63,64,65,66,70,71,72,73,74,75,76,8,9,10,35,36,46,47,48,49,62,63,64,65,66,70,71,72,73,74,75,76
p09368_ub_model_A	301,302,305,309,352,355,358,359,362,301,302,305,309,352,355,358,359,362
p09368_ub_model_B	6,7,8,9,10,42,47,68,69,70,72,73,74,75,6,7,8,9,10,42,47,68,69,70,72,73,74,75
p46944_ub_model_A	45,58,59,62,141,144,145,157,317,318,320,321,45,58,59,62,141,144,145,157,317,318,320,321
p46944_ub_model_B	8,9,10,11,46,47,68,75,76,8,9,10,11,46,47,68,75,76
p0cx73_ub_model_A	214,215,218,222,225,226,243,244,214,215,218,222,225,226,243,244
p0cx73_ub_model_B	8,45,46,47,48,49,68,70,71,72,73,75,76,8,45,46,47,48,49,68,70,71,72,73,75,76
p40167_ub_model_A	159,162,163,209,211,213,216,218,219,229,230,231,234,238,239,241,242,246,249,253,159,162,163,209,211,213,216,218,219,229,230,231,234,238,239,241,242,246,249,253
p40167_ub_model_B	7,8,9,10,34,35,36,46,47,48,49,57,58,59,60,68,70,71,72,73,74,76,7,8,9,10,34,35,36,46,47,48,49,57,58,59,60,68,70,71,72,73,74,76
p0cx76_ub_model_A	214,215,218,225,226,231,245,214,215,218,225,226,231,245
p0cx76_ub_model_B	8,45,46,47,49,68,70,72,73,75,76,8,45,46,47,49,68,70,72,73,75,76
p47068_ub_model_A	15,16,17,18,41,60,61,62,1000,1004,15,16,17,18,41,60,61,62,1000,1004
p47068_ub_model_B	8,47,48,49,68,71,72,73,74,75,8,47,48,49,68,71,72,73,74,75
p25579_ub_model_A	495,497,498,499,500,501,502,503,495,497,498,499,500,501,502,503
p25579_ub_model_B	8,10,47,48,49,51,54,70,72,8,10,47,48,49,51,54,70,72
p38893_ub_model_A	56,57,69,88,89,90,292,56,57,69,88,89,90,292
p38893_ub_model_B	72,73,74,75,76,72,73,74,75,76
q12347_ub_model_A	165,166,167,173,176,177,188,272,273,274,275,165,166,167,173,176,177,188,272,273,274,275
q12347_ub_model_B	8,9,10,46,47,48,49,70,71,72,73,76,8,9,10,46,47,48,49,70,71,72,73,76
q07843_ub_model_A	145,149,152,155,156,159,214,218,219,221,222,225,145,149,152,155,156,159,214,218,219,221,222,225
q07843_ub_model_B	8,9,10,36,47,48,49,68,70,71,72,73,74,75,76,8,9,10,36,47,48,49,68,70,71,72,73,74,75,76
q12271_ub_model_A	392,395,396,398,411,446,452,392,395,396,398,411,446,452
q12271_ub_model_B	8,46,47,63,64,65,66,8,46,47,63,64,65,66
p40480_ub_model_A	546,547,550,554,574,577,578,580,581,582,616,546,547,550,554,574,577,578,580,581,582,616
p40480_ub_model_B	8,9,45,46,47,48,49,70,71,72,73,76,8,9,45,46,47,48,49,70,71,72,73,76
p47976_ub_model_A	47,51,256,272,47,51,256,272
p47976_ub_model_B	10,46,47,48,49,72,73,75,10,46,47,48,49,72,73,75
p0cx66_ub_model_A	214,215,218,225,226,244,245,214,215,218,225,226,244,245
p0cx66_ub_model_B	8,42,43,44,45,46,47,49,68,70,72,73,75,8,42,43,44,45,46,47,49,68,70,72,73,75
p39969_ub_model_A	52,54,55,57,58,61,76,79,83,753,754,755,756,757,856,857,859,860,861,52,54,55,57,58,61,76,79,83,753,754,755,756,757,856,857,859,860,861
p39969_ub_model_B	9,33,34,35,36,37,39,47,49,71,72,73,74,75,76,9,33,34,35,36,37,39,47,49,71,72,73,74,75,76
p12611_ub_model_A	51,52,106,107,114,51,52,106,107,114
p12611_ub_model_B	10,46,47,48,49,64,65,66,10,46,47,48,49,64,65,66
p38856_ub_model_A	135,203,206,207,209,210,211,213,214,264,277,278,279,280,135,203,206,207,209,210,211,213,214,264,277,278,279,280
p38856_ub_model_B	7,8,9,10,46,47,49,68,72,73,74,7,8,9,10,46,47,49,68,72,73,74
p0cx67_ub_model_A	214,215,218,225,226,244,245,214,215,218,225,226,244,245
p0cx67_ub_model_B	8,42,43,44,45,46,47,49,68,70,72,73,75,8,42,43,44,45,46,47,49,68,70,72,73,75
p39988_ub_model_A	74,77,104,105,106,107,234,235,238,239,241,74,77,104,105,106,107,234,235,238,239,241
p39988_ub_model_B	7,8,9,10,35,36,68,69,70,71,72,73,75,76,7,8,9,10,35,36,68,69,70,71,72,73,75,76
p47011_ub_model_A	64,68,69,70,71,72,73,74,75,76,77,106,109,110,112,64,68,69,70,71,72,73,74,75,76,77,106,109,110,112
p47011_ub_model_B	8,9,35,36,71,72,73,74,75,76,8,9,35,36,71,72,73,74,75,76
q12085_ub_model_A	214,215,218,222,226,245,214,215,218,222,226,245
q12085_ub_model_B	42,45,46,47,49,68,70,71,72,73,75,42,45,46,47,49,68,70,71,72,73,75
p28273_ub_model_A	128,129,130,132,133,186,189,190,192,193,194,128,129,130,132,133,186,189,190,192,193,194
p28273_ub_model_B	47,48,49,68,71,72,73,47,48,49,68,71,72,73
q05610_ub_model_A	93,94,114,121,124,129,152,93,94,114,121,124,129,152
q05610_ub_model_B	8,9,46,47,48,49,68,8,9,46,47,48,49,68
p18414_ub_model_A	1,2,57,58,61,65,123,179,180,187,191,1,2,57,58,61,65,123,179,180,187,191
p18414_ub_model_B	7,8,9,32,34,37,51,71,72,73,74,75,76,7,8,9,32,34,37,51,71,72,73,74,75,76
p40537_ub_model_A	149,441,457,458,459,460,490,491,495,498,510,530,531,621,622,623,624,708,722,723,724,725,726,149,441,457,458,459,460,490,491,495,498,510,530,531,621,622,623,624,708,722,723,724,725,726
p40537_ub_model_B	8,9,11,46,47,72,73,74,75,76,8,9,11,46,47,72,73,74,75,76
p48510_ub_model_A	341,342,343,362,366,341,342,343,362,366
p48510_ub_model_B	8,46,47,48,49,8,46,47,48,49
p32571_ub_model_A	569,570,571,572,656,657,658,661,683,685,739,744,745,746,751,770,780,782,783,814,815,817,819,876,877,878,879,880,569,570,571,572,656,657,658,661,683,685,739,744,745,746,751,770,780,782,783,814,815,817,819,876,877,878,879,880
p32571_ub_model_B	6,7,8,9,10,11,12,13,14,34,36,46,47,48,49,62,64,65,66,68,69,70,71,72,73,74,75,76,6,7,8,9,10,11,12,13,14,34,36,46,47,48,49,62,64,65,66,68,69,70,71,72,73,74,75,76
q12490_ub_model_A	214,215,218,219,222,225,226,231,244,245,462,463,464,465,487,488,489,214,215,218,219,222,225,226,231,244,245,462,463,464,465,487,488,489
q12490_ub_model_B	8,34,45,46,47,48,49,68,70,71,72,73,74,75,76,8,34,45,46,47,48,49,68,70,71,72,73,74,75,76
p25580_ub_model_A	97,98,243,244,245,246,331,332,333,354,355,356,357,97,98,243,244,245,246,331,332,333,354,355,356,357
p25580_ub_model_B	8,9,10,42,48,49,70,71,72,73,75,76,8,9,10,42,48,49,70,71,72,73,75,76
q02887_ub_model_A	175,176,177,178,179,180,181,184,260,261,262,263,286,287,288,289,334,175,176,177,178,179,180,181,184,260,261,262,263,286,287,288,289,334
q02887_ub_model_B	8,9,10,11,36,42,46,47,48,49,72,73,75,8,9,10,11,36,42,46,47,48,49,72,73,75
p0cx60_ub_model_A	214,215,218,225,226,244,245,246,214,215,218,225,226,244,245,246
p0cx60_ub_model_B	8,45,46,47,49,68,70,71,72,73,75,8,45,46,47,49,68,70,71,72,73,75
p54860_ub_model_A	297,298,299,300,355,356,358,360,361,512,513,573,574,628,631,634,636,297,298,299,300,355,356,358,360,361,512,513,573,574,628,631,634,636
p54860_ub_model_B	1,7,9,14,15,16,33,34,35,46,47,66,1,7,9,14,15,16,33,34,35,46,47,66
q01476_ub_model_A	743,744,745,788,789,790,836,837,938,939,940,942,943,998,999,1000,1020,1028,1029,1054,1055,1056,1205,1206,1207,1208,1209,743,744,745,788,789,790,836,837,938,939,940,942,943,998,999,1000,1020,1028,1029,1054,1055,1056,1205,1206,1207,1208,1209
q01476_ub_model_B	8,9,10,11,12,34,35,36,46,47,58,59,60,62,63,64,65,66,68,70,71,72,73,74,75,76,8,9,10,11,12,34,35,36,46,47,58,59,60,62,63,64,65,66,68,70,71,72,73,74,75,76
q06287_ub_model_A	61,64,65,127,128,129,130,139,140,143,151,152,153,155,156,61,64,65,127,128,129,130,139,140,143,151,152,153,155,156
q06287_ub_model_B	9,10,35,39,40,70,71,72,73,74,75,76,9,10,35,39,40,70,71,72,73,74,75,76
p38285_ub_model_A	190,193,370,371,396,397,421,422,447,448,473,502,503,504,190,193,370,371,396,397,421,422,447,448,473,502,503,504
p38285_ub_model_B	32,35,47,53,54,70,71,72,73,74,75,76,32,35,47,53,54,70,71,72,73,74,75,76
o13535_ub_model_A	169,170,171,195,252,253,256,260,263,264,268,269,282,283,169,170,171,195,252,253,256,260,263,264,268,269,282,283
o13535_ub_model_B	8,9,10,11,42,43,44,45,46,47,49,68,70,71,72,73,74,75,76,8,9,10,11,42,43,44,45,46,47,49,68,70,71,72,73,74,75,76
p0cx71_ub_model_A	214,215,218,222,225,226,243,244,214,215,218,222,225,226,243,244
p0cx71_ub_model_B	8,45,46,47,48,49,68,70,71,72,73,75,76,8,45,46,47,48,49,68,70,71,72,73,75,76
p53874_ub_model_A	369,370,371,372,456,457,458,461,507,512,513,514,519,593,599,606,607,608,609,639,641,646,648,687,688,689,690,691,369,370,371,372,456,457,458,461,507,512,513,514,519,593,599,606,607,608,609,639,641,646,648,687,688,689,690,691
p53874_ub_model_B	6,7,8,9,10,11,12,35,36,46,47,48,64,65,66,68,69,70,71,72,73,74,75,76,6,7,8,9,10,11,12,35,36,46,47,48,64,65,66,68,69,70,71,72,73,74,75,76
p47099_ub_model_A	214,215,218,225,226,245,214,215,218,225,226,245
p47099_ub_model_B	8,45,46,47,48,49,68,70,71,72,73,75,8,45,46,47,48,49,68,70,71,72,73,75
p33338_ub_model_A	145,146,147,216,219,220,222,223,504,145,146,147,216,219,220,222,223,504
p33338_ub_model_B	8,9,10,11,47,48,70,71,72,75,76,8,9,10,11,47,48,70,71,72,75,76
p32499_ub_model_A	591,593,594,596,602,655,656,657,658,591,593,594,596,602,655,656,657,658
p32499_ub_model_B	9,36,48,49,73,74,9,36,48,49,73,74
p10961_ub_model_A	228,231,277,278,228,231,277,278
p10961_ub_model_B	8,9,10,31,32,35,8,9,10,31,32,35
p53923_ub_model_A	162,163,192,322,323,385,386,387,389,390,392,397,400,401,403,404,409,162,163,192,322,323,385,386,387,389,390,392,397,400,401,403,404,409
p53923_ub_model_B	8,46,47,48,49,50,51,58,59,60,68,72,8,46,47,48,49,50,51,58,59,60,68,72
p38889_ub_model_A	84,85,86,87,131,132,137,273,280,281,460,463,464,467,472,473,84,85,86,87,131,132,137,273,280,281,460,463,464,467,472,473
p38889_ub_model_B	1,18,20,21,25,32,35,36,45,46,47,48,71,72,73,75,1,18,20,21,25,32,35,36,45,46,47,48,71,72,73,75
q12514_ub_model_A	348,349,352,354,400,401,402,348,349,352,354,400,401,402
q12514_ub_model_B	9,10,11,46,47,48,58,59,9,10,11,46,47,48,58,59
p25369_ub_model_A	85,86,197,198,267,269,270,275,276,283,85,86,197,198,267,269,270,275,276,283
p25369_ub_model_B	8,9,10,39,40,47,48,49,72,73,74,75,76,8,9,10,39,40,47,48,49,72,73,74,75,76
q04215_ub_model_A	107,108,214,215,218,219,221,222,225,226,244,245,107,108,214,215,218,219,221,222,225,226,244,245
q04215_ub_model_B	8,9,35,45,46,47,48,49,68,70,71,72,73,75,76,8,9,35,45,46,47,48,49,68,70,71,72,73,75,76
p38237_ub_model_A	256,257,330,331,332,333,412,413,414,417,424,467,468,474,491,497,498,499,500,502,537,699,702,733,734,735,736,737,256,257,330,331,332,333,412,413,414,417,424,467,468,474,491,497,498,499,500,502,537,699,702,733,734,735,736,737
p38237_ub_model_B	8,9,10,11,12,14,34,35,46,47,48,49,58,60,65,66,71,72,73,74,75,76,8,9,10,11,12,14,34,35,46,47,48,49,58,60,65,66,71,72,73,74,75,76
q05785_ub_model_A	48,49,50,201,202,205,210,211,214,215,218,219,48,49,50,201,202,205,210,211,214,215,218,219
q05785_ub_model_B	32,35,45,46,47,48,73,74,75,76,32,35,45,46,47,48,73,74,75,76
p38270_ub_model_A	175,190,272,275,276,277,278,279,282,314,318,319,321,322,323,324,175,190,272,275,276,277,278,279,282,314,318,319,321,322,323,324
p38270_ub_model_B	7,8,9,10,11,12,71,75,76,7,8,9,10,11,12,71,75,76
p38817_ub_model_A	44,47,48,89,92,173,174,175,177,178,182,276,280,44,47,48,89,92,173,174,175,177,178,182,276,280
p38817_ub_model_B	20,46,47,48,49,53,54,59,60,20,46,47,48,49,53,54,59,60
p33324_ub_model_A	7,8,9,10,11,166,167,168,169,291,292,294,295,7,8,9,10,11,166,167,168,169,291,292,294,295
p33324_ub_model_B	8,46,47,70,71,72,73,8,46,47,70,71,72,73
p47043_ub_model_A	593,594,598,629,631,647,649,744,758,760,761,786,789,809,810,835,836,837,840,593,594,598,629,631,647,649,744,758,760,761,786,789,809,810,835,836,837,840
p47043_ub_model_B	1,2,8,16,17,25,28,29,38,39,44,45,46,47,52,53,58,59,60,68,71,72,73,75,1,2,8,16,17,25,28,29,38,39,44,45,46,47,52,53,58,59,60,68,71,72,73,75
q12266_ub_model_A	214,215,218,222,225,226,244,245,214,215,218,222,225,226,244,245
q12266_ub_model_B	8,42,43,44,45,46,47,49,68,70,71,72,73,75,76,8,42,43,44,45,46,47,49,68,70,71,72,73,75,76
q12049_ub_model_A	354,355,356,357,358,390,393,354,355,356,357,358,390,393
q12049_ub_model_B	46,47,48,49,59,60,46,47,48,49,59,60
q04228_ub_model_A	27,28,29,49,50,51,54,57,58,353,354,357,358,27,28,29,49,50,51,54,57,58,353,354,357,358
q04228_ub_model_B	8,10,36,47,48,49,71,72,73,8,10,36,47,48,49,71,72,73
p50101_ub_model_A	212,213,214,284,285,286,288,289,292,332,338,339,358,367,368,370,371,373,399,401,411,461,462,463,464,465,996,997,1215,1216,1219,1221,1223,1224,1225,212,213,214,284,285,286,288,289,292,332,338,339,358,367,368,370,371,373,399,401,411,461,462,463,464,465,996,997,1215,1216,1219,1221,1223,1224,1225
p50101_ub_model_B	8,9,10,11,12,13,14,28,29,32,35,36,40,46,47,49,62,64,65,66,70,71,72,73,74,75,76,8,9,10,11,12,13,14,28,29,32,35,36,40,46,47,49,62,64,65,66,70,71,72,73,74,75,76
p40559_ub_model_A	734,738,746,747,748,749,753,756,757,759,795,734,738,746,747,748,749,753,756,757,759,795
p40559_ub_model_B	8,9,10,11,46,47,62,63,66,8,9,10,11,46,47,62,63,66
q06651_ub_model_A	6,150,151,153,154,155,171,174,178,181,182,185,207,208,209,240,241,242,243,6,150,151,153,154,155,171,174,178,181,182,185,207,208,209,240,241,242,243
q06651_ub_model_B	7,8,9,10,35,36,40,46,47,48,52,70,71,73,74,75,76,7,8,9,10,35,36,40,46,47,48,52,70,71,73,74,75,76
q6q5p6_ub_model_A	249,250,251,252,253,317,320,321,324,327,328,330,332,333,388,249,250,251,252,253,317,320,321,324,327,328,330,332,333,388
q6q5p6_ub_model_B	6,7,8,9,10,11,44,45,46,47,48,49,68,70,71,72,76,6,7,8,9,10,11,44,45,46,47,48,49,68,70,71,72,76
p38207_ub_model_A	11,280,281,289,290,300,338,340,341,342,11,280,281,289,290,300,338,340,341,342
p38207_ub_model_B	8,9,10,47,48,49,72,73,74,75,76,8,9,10,47,48,49,72,73,74,75,76
q99222_ub_model_A	267,342,343,523,524,525,526,690,691,267,342,343,523,524,525,526,690,691
q99222_ub_model_B	46,47,48,49,51,73,74,75,46,47,48,49,51,73,74,75
p54000_ub_model_A	33,34,54,78,267,270,271,274,275,278,33,34,54,78,267,270,271,274,275,278
p54000_ub_model_B	19,45,46,47,48,51,53,54,57,58,66,72,73,74,75,19,45,46,47,48,51,53,54,57,58,66,72,73,74,75
p10862_ub_model_A	188,191,192,203,208,262,265,266,188,191,192,203,208,262,265,266
p10862_ub_model_B	8,33,34,35,36,47,48,49,72,8,33,34,35,36,47,48,49,72
q12316_ub_model_A	214,215,218,219,222,226,244,245,1280,1308,1371,214,215,218,219,222,226,244,245,1280,1308,1371
q12316_ub_model_B	28,35,36,39,42,43,44,45,46,47,48,49,52,53,54,68,70,71,72,73,74,75,28,35,36,39,42,43,44,45,46,47,48,49,52,53,54,68,70,71,72,73,74,75
p53962_ub_model_A	15,195,212,213,247,248,249,15,195,212,213,247,248,249
p53962_ub_model_B	10,46,47,48,49,58,59,60,72,73,74,75,10,46,47,48,49,58,59,60,72,73,74,75
q03407_ub_model_A	297,298,299,300,301,310,343,346,297,298,299,300,301,310,343,346
q03407_ub_model_B	8,9,46,47,48,68,71,72,73,74,75,76,8,9,46,47,48,68,71,72,73,74,75,76
q05468_ub_model_A	348,352,353,354,378,637,639,640,642,643,647,655,656,657,348,352,353,354,378,637,639,640,642,643,647,655,656,657
q05468_ub_model_B	8,9,10,11,12,47,64,65,66,74,75,76,8,9,10,11,12,47,64,65,66,74,75,76
p31377_ub_model_A	19,29,31,32,33,188,210,19,29,31,32,33,188,210
p31377_ub_model_B	8,46,47,48,49,51,52,60,71,72,73,8,46,47,48,49,51,52,60,71,72,73
p48582_ub_model_A	28,29,30,372,373,375,376,377,379,383,387,582,585,833,834,835,836,28,29,30,372,373,375,376,377,379,383,387,582,585,833,834,835,836
p48582_ub_model_B	8,9,45,46,47,57,58,60,62,63,64,65,71,73,74,8,9,45,46,47,57,58,60,62,63,64,65,71,73,74
q06417_ub_model_A	105,106,117,118,119,120,125,126,129,105,106,117,118,119,120,125,126,129
q06417_ub_model_B	8,9,46,47,68,70,72,74,8,9,46,47,68,70,72,74
p38428_ub_model_A	75,76,77,96,100,103,140,145,75,76,77,96,100,103,140,145
p38428_ub_model_B	8,46,47,49,57,68,72,8,46,47,49,57,68,72
p32609_ub_model_A	9,18,19,22,25,26,31,107,108,110,111,120,138,139,140,143,9,18,19,22,25,26,31,107,108,110,111,120,138,139,140,143
p32609_ub_model_B	9,20,21,24,25,28,38,39,47,48,49,52,53,71,72,73,9,20,21,24,25,28,38,39,47,48,49,52,53,71,72,73
p0cx74_ub_model_A	214,215,218,225,226,231,245,214,215,218,225,226,231,245
p0cx74_ub_model_B	8,45,46,47,49,68,70,72,73,75,76,8,45,46,47,49,68,70,72,73,75,76
p53836_ub_model_A	225,226,227,239,240,241,341,342,343,344,349,752,755,759,225,226,227,239,240,241,341,342,343,344,349,752,755,759
p53836_ub_model_B	8,10,46,47,57,58,59,60,8,10,46,47,57,58,59,60
p36104_ub_model_A	26,27,28,29,47,89,113,114,115,133,134,174,247,248,249,250,26,27,28,29,47,89,113,114,115,133,134,174,247,248,249,250
p36104_ub_model_B	7,8,9,46,47,48,49,70,71,73,76,7,8,9,46,47,48,49,70,71,73,76
q92392_ub_model_A	214,215,218,219,222,225,226,244,245,214,215,218,219,222,225,226,244,245
q92392_ub_model_B	8,42,43,44,45,46,47,49,68,70,71,72,73,75,76,8,42,43,44,45,46,47,49,68,70,71,72,73,75,76
p38996_ub_model_A	533,534,535,538,542,545,546,549,533,534,535,538,542,545,546,549
p38996_ub_model_B	47,48,49,72,73,74,75,47,48,49,72,73,74,75
p0cx69_ub_model_A	214,215,218,225,226,244,245,214,215,218,225,226,244,245
p0cx69_ub_model_B	8,42,43,44,45,46,47,49,68,70,72,73,75,8,42,43,44,45,46,47,49,68,70,72,73,75
p0cx59_ub_model_A	214,215,218,225,226,244,245,246,214,215,218,225,226,244,245,246
p0cx59_ub_model_B	8,45,46,47,49,68,70,71,72,73,75,8,45,46,47,49,68,70,71,72,73,75
p34909_ub_model_A	41,58,59,62,83,41,58,59,62,83
p34909_ub_model_B	7,8,45,46,47,49,64,66,68,69,70,7,8,45,46,47,49,64,66,68,69,70
q12441_ub_model_A	214,215,218,219,222,226,244,245,246,214,215,218,219,222,226,244,245,246
q12441_ub_model_B	8,45,46,47,48,49,68,70,71,72,73,75,8,45,46,47,48,49,68,70,71,72,73,75
q05812_ub_model_A	202,206,209,210,211,340,341,345,348,349,356,202,206,209,210,211,340,341,345,348,349,356
q05812_ub_model_B	7,8,45,46,47,48,49,67,68,72,73,75,7,8,45,46,47,48,49,67,68,72,73,75
p38346_ub_model_A	244,330,384,385,388,392,395,396,478,244,330,384,385,388,392,395,396,478
p38346_ub_model_B	8,9,10,34,35,36,46,47,48,49,66,70,71,72,73,74,75,8,9,10,34,35,36,46,47,48,49,66,70,71,72,73,74,75
p34216_ub_model_A	28,30,34,35,36,64,65,1292,1293,1295,1296,1297,28,30,34,35,36,64,65,1292,1293,1295,1296,1297
p34216_ub_model_B	46,47,48,49,65,66,68,72,46,47,48,49,65,66,68,72
p40353_ub_model_A	11,13,14,82,112,113,114,163,164,11,13,14,82,112,113,114,163,164
p40353_ub_model_B	6,7,8,9,10,11,12,47,68,69,70,72,73,6,7,8,9,10,11,12,47,68,69,70,72,73
q04511_ub_model_A	497,500,501,502,503,504,505,506,507,508,509,514,515,516,521,522,525,526,528,529,530,497,500,501,502,503,504,505,506,507,508,509,514,515,516,521,522,525,526,528,529,530
q04511_ub_model_B	7,8,9,34,45,46,47,48,49,70,71,72,73,74,75,76,7,8,9,34,45,46,47,48,49,70,71,72,73,74,75,76
p36143_ub_model_A	168,169,172,173,176,177,181,209,210,211,168,169,172,173,176,177,181,209,210,211
p36143_ub_model_B	8,9,10,45,46,47,48,68,72,73,8,9,10,45,46,47,48,68,72,73
q02159_ub_model_A	21,44,89,90,91,104,107,108,114,118,121,122,125,126,129,134,135,136,21,44,89,90,91,104,107,108,114,118,121,122,125,126,129,134,135,136
q02159_ub_model_B	6,7,8,9,46,47,48,49,68,69,73,74,75,76,6,7,8,9,46,47,48,49,68,69,73,74,75,76
p38753_ub_model_A	25,26,29,71,74,25,26,29,71,74
p38753_ub_model_B	46,47,48,49,70,71,46,47,48,49,70,71
q06266_ub_model_A	169,171,172,193,207,384,387,388,390,391,392,393,394,395,405,406,407,457,465,169,171,172,193,207,384,387,388,390,391,392,393,394,395,405,406,407,457,465
q06266_ub_model_B	9,32,33,34,35,36,37,68,70,71,72,73,74,76,9,32,33,34,35,36,37,68,70,71,72,73,74,76
q08096_ub_model_A	215,219,274,277,280,281,284,316,346,347,215,219,274,277,280,281,284,316,346,347
q08096_ub_model_B	8,9,10,11,12,45,46,47,48,49,68,72,73,76,8,9,10,11,12,45,46,47,48,49,68,72,73,76
q12107_ub_model_A	107,111,113,114,115,117,118,137,140,158,160,161,162,166,167,176,177,107,111,113,114,115,117,118,137,140,158,160,161,162,166,167,176,177
q12107_ub_model_B	7,8,9,32,35,36,46,47,49,60,71,73,74,75,7,8,9,32,35,36,46,47,49,60,71,73,74,75
p39967_ub_model_A	141,142,143,144,433,434,435,437,438,494,499,500,501,506,532,534,535,536,537,564,565,566,567,576,614,615,616,617,618,141,142,143,144,433,434,435,437,438,494,499,500,501,506,532,534,535,536,537,564,565,566,567,576,614,615,616,617,618
p39967_ub_model_B	8,9,10,11,12,13,14,35,36,40,46,47,48,49,62,63,64,65,66,70,71,72,73,74,75,76,8,9,10,11,12,13,14,35,36,40,46,47,48,49,62,63,64,65,66,70,71,72,73,74,75,76
p0cx65_ub_model_A	214,215,218,225,226,244,245,214,215,218,225,226,244,245
p0cx65_ub_model_B	8,42,43,44,45,46,47,49,68,70,72,73,75,8,42,43,44,45,46,47,49,68,70,72,73,75
p53337_ub_model_A	81,82,95,99,103,146,153,154,155,158,270,271,272,274,275,81,82,95,99,103,146,153,154,155,158,270,271,272,274,275
p53337_ub_model_B	8,9,34,35,44,47,48,49,72,73,74,75,76,8,9,34,35,44,47,48,49,72,73,74,75,76
p53388_ub_model_A	147,148,152,409,410,411,418,424,570,147,148,152,409,410,411,418,424,570
p53388_ub_model_B	8,9,35,36,37,47,48,68,71,73,74,75,76,8,9,35,36,37,47,48,68,71,73,74,75,76
q12485_ub_model_A	214,215,218,225,226,244,245,214,215,218,225,226,244,245
q12485_ub_model_B	8,42,43,44,45,46,47,49,68,70,72,73,75,8,42,43,44,45,46,47,49,68,70,72,73,75
p20134_ub_model_A	117,120,207,208,313,314,357,358,365,117,120,207,208,313,314,357,358,365
p20134_ub_model_B	6,7,8,9,10,28,29,31,32,35,47,70,71,72,73,6,7,8,9,10,28,29,31,32,35,47,70,71,72,73
p14682_ub_model_A	49,50,95,96,97,98,109,112,113,119,123,126,127,130,131,134,136,139,140,141,180,183,184,191,49,50,95,96,97,98,109,112,113,119,123,126,127,130,131,134,136,139,140,141,180,183,184,191
p14682_ub_model_B	8,9,45,46,47,48,49,60,65,66,73,74,75,76,8,9,45,46,47,48,49,60,65,66,73,74,75,76
p50102_ub_model_A	144,145,146,147,235,236,237,239,240,243,268,301,302,303,304,309,323,331,332,333,364,366,367,375,423,424,425,426,427,144,145,146,147,235,236,237,239,240,243,268,301,302,303,304,309,323,331,332,333,364,366,367,375,423,424,425,426,427
p50102_ub_model_B	8,9,10,11,12,13,14,35,36,46,47,49,64,65,66,70,71,72,73,74,75,76,8,9,10,11,12,13,14,35,36,46,47,49,64,65,66,70,71,72,73,74,75,76
q12518_ub_model_A	94,170,173,174,176,177,178,180,94,170,173,174,176,177,178,180
q12518_ub_model_B	8,9,10,44,45,46,47,62,63,64,65,66,72,8,9,10,44,45,46,47,62,63,64,65,66,72
q12511_ub_model_A	171,172,173,174,175,176,177,217,218,221,555,558,171,172,173,174,175,176,177,217,218,221,555,558
q12511_ub_model_B	8,9,10,35,36,47,68,71,72,73,74,75,76,8,9,10,35,36,47,68,71,72,73,74,75,76
p32849_ub_model_A	85,86,108,109,113,116,117,85,86,108,109,113,116,117
p32849_ub_model_B	8,47,48,49,71,72,8,47,48,49,71,72
p32790_ub_model_A	658,659,669,658,659,669
p32790_ub_model_B	47,48,49,70,47,48,49,70
p32521_ub_model_A	318,319,320,357,361,364,365,368,369,371,372,927,318,319,320,357,361,364,365,368,369,371,372,927
p32521_ub_model_B	8,9,10,11,46,47,49,64,65,66,68,8,9,10,11,46,47,49,64,65,66,68
q04201_ub_model_A	85,86,104,105,106,109,112,85,86,104,105,106,109,112
q04201_ub_model_B	47,49,72,47,49,72
p03877_ub_model_A	43,44,293,308,309,310,311,312,43,44,293,308,309,310,311,312
p03877_ub_model_B	8,46,47,49,68,70,71,72,73,75,76,8,46,47,49,68,70,71,72,73,75,76
p40956_ub_model_A	99,100,103,134,135,204,205,206,207,225,228,229,99,100,103,134,135,204,205,206,207,225,228,229
p40956_ub_model_B	9,10,11,45,46,47,48,49,70,71,72,9,10,11,45,46,47,48,49,70,71,72
q08412_ub_model_A	104,107,108,109,129,136,139,140,143,146,104,107,108,109,129,136,139,140,143,146
q08412_ub_model_B	8,10,46,47,48,49,68,8,10,46,47,48,49,68
q99303_ub_model_A	341,344,345,348,352,341,344,345,348,352
q99303_ub_model_B	7,8,9,35,36,71,72,73,7,8,9,35,36,71,72,73
p34223_ub_model_A	16,34,35,38,41,42,268,269,270,271,16,34,35,38,41,42,268,269,270,271
p34223_ub_model_B	6,8,10,45,46,47,48,49,59,60,61,62,65,70,71,72,6,8,10,45,46,47,48,49,59,60,61,62,65,70,71,72
q05874_ub_model_A	55,56,67,91,92,93,94,95,171,176,177,204,55,56,67,91,92,93,94,95,171,176,177,204
q05874_ub_model_B	9,10,34,35,36,37,39,40,74,75,76,9,10,34,35,36,37,39,40,74,75,76
p10823_ub_model_A	393,407,410,412,413,414,415,416,417,431,432,393,407,410,412,413,414,415,416,417,431,432
p10823_ub_model_B	9,47,48,49,68,71,72,73,74,75,76,9,47,48,49,68,71,72,73,74,75,76
p36037_ub_model_A	117,158,315,316,389,390,391,392,393,394,395,431,438,117,158,315,316,389,390,391,392,393,394,395,431,438
p36037_ub_model_B	8,9,10,11,12,14,25,28,29,31,32,33,34,35,36,70,71,72,73,74,75,8,9,10,11,12,14,25,28,29,31,32,33,34,35,36,70,71,72,73,74,75
p39944_ub_model_A	453,454,455,456,543,544,545,548,572,626,631,632,633,638,654,664,665,666,667,698,699,701,757,758,759,760,761,453,454,455,456,543,544,545,548,572,626,631,632,633,638,654,664,665,666,667,698,699,701,757,758,759,760,761
p39944_ub_model_B	7,8,9,10,11,12,13,14,34,36,44,46,47,48,49,59,64,65,66,68,69,70,71,72,73,74,75,76,7,8,9,10,11,12,13,14,34,36,44,46,47,48,49,59,64,65,66,68,69,70,71,72,73,74,75,76
p38747_ub_model_A	174,175,176,178,220,222,223,227,231,232,248,249,250,251,252,272,299,300,174,175,176,178,220,222,223,227,231,232,248,249,250,251,252,272,299,300
p38747_ub_model_B	6,7,8,9,35,36,40,47,48,49,68,69,70,71,73,74,75,76,6,7,8,9,35,36,40,47,48,49,68,69,70,71,73,74,75,76
q12242_ub_model_A	12,13,14,15,32,33,36,39,40,44,135,137,138,139,156,12,13,14,15,32,33,36,39,40,44,135,137,138,139,156
q12242_ub_model_B	46,47,48,49,50,51,59,60,62,71,72,73,74,46,47,48,49,50,51,59,60,62,71,72,73,74
q02732_ub_model_A	336,339,340,343,361,367,336,339,340,343,361,367
q02732_ub_model_B	8,9,10,45,46,47,70,71,72,73,8,9,10,45,46,47,70,71,72,73
p23202_ub_model_A	121,122,124,165,180,181,235,236,318,319,322,351,121,122,124,165,180,181,235,236,318,319,322,351
p23202_ub_model_B	6,8,9,34,35,37,40,41,68,69,70,71,72,73,74,75,76,6,8,9,34,35,37,40,41,68,69,70,71,72,73,74,75,76
p25604_ub_model_A	52,53,55,56,57,102,103,104,105,106,107,122,123,350,360,363,52,53,55,56,57,102,103,104,105,106,107,122,123,350,360,363
p25604_ub_model_B	46,47,48,49,64,65,66,68,70,75,46,47,48,49,64,65,66,68,70,75
q12003_ub_model_A	36,37,125,129,132,136,219,299,307,36,37,125,129,132,136,219,299,307
q12003_ub_model_B	8,9,10,11,12,46,47,68,70,8,9,10,11,12,46,47,68,70
p35732_ub_model_A	32,33,55,56,32,33,55,56
p35732_ub_model_B	47,49,68,72,73,47,49,68,72,73
p22515_ub_model_A	204,235,284,443,444,445,543,544,545,567,568,569,572,573,586,589,590,591,592,899,900,907,908,909,910,204,235,284,443,444,445,543,544,545,567,568,569,572,573,586,589,590,591,592,899,900,907,908,909,910
p22515_ub_model_B	9,10,11,12,32,33,34,35,40,46,47,48,49,70,71,72,73,74,75,76,9,10,11,12,32,33,34,35,40,46,47,48,49,70,71,72,73,74,75,76
q12260_ub_model_A	316,341,344,345,348,352,316,341,344,345,348,352
q12260_ub_model_B	7,8,9,35,36,71,72,73,7,8,9,35,36,71,72,73
p0cx75_ub_model_A	214,215,218,225,226,231,245,214,215,218,225,226,231,245
p0cx75_ub_model_B	8,45,46,47,49,68,70,72,73,75,76,8,45,46,47,49,68,70,72,73,75,76
p53237_ub_model_A	95,98,100,101,102,103,104,105,151,152,158,95,98,100,101,102,103,104,105,151,152,158
p53237_ub_model_B	8,9,36,47,48,49,68,70,71,72,73,74,75,76,8,9,36,47,48,49,68,70,71,72,73,74,75,76
p36069_ub_model_A	80,81,84,85,86,218,219,80,81,84,85,86,218,219
p36069_ub_model_B	46,47,48,49,65,66,46,47,48,49,65,66
p40151_ub_model_A	15,16,27,30,31,330,331,332,15,16,27,30,31,330,331,332
p40151_ub_model_B	47,72,73,47,72,73
p00912_ub_model_A	10,68,69,70,112,113,137,138,139,141,10,68,69,70,112,113,137,138,139,141
p00912_ub_model_B	8,9,10,11,35,46,47,70,71,73,74,8,9,10,11,35,46,47,70,71,73,74
p39940_ub_model_A	234,514,515,516,517,538,541,618,619,620,234,514,515,516,517,538,541,618,619,620
p39940_ub_model_B	7,8,9,10,11,12,45,46,47,69,70,71,72,73,74,75,76,7,8,9,10,11,12,45,46,47,69,70,71,72,73,74,75,76
q02863_ub_model_A	60,61,62,63,167,168,169,172,179,229,230,233,235,251,256,258,259,260,302,303,304,350,351,352,359,403,404,405,406,407,60,61,62,63,167,168,169,172,179,229,230,233,235,251,256,258,259,260,302,303,304,350,351,352,359,403,404,405,406,407
q02863_ub_model_B	8,9,10,11,12,35,36,45,46,47,48,49,64,65,70,71,72,73,74,75,76,8,9,10,11,12,35,36,45,46,47,48,49,64,65,70,71,72,73,74,75,76
p08004_ub_model_A	236,429,430,431,434,438,439,442,443,445,446,447,592,593,594,620,684,236,429,430,431,434,438,439,442,443,445,446,447,592,593,594,620,684
p08004_ub_model_B	8,42,46,47,48,65,71,73,75,76,8,42,46,47,48,65,71,73,75,76
q06677_ub_model_A	141,144,145,148,149,151,152,154,494,495,497,499,500,501,624,628,631,634,141,144,145,148,149,151,152,154,494,495,497,499,500,501,624,628,631,634
q06677_ub_model_B	45,46,47,48,49,58,59,60,64,66,45,46,47,48,49,58,59,60,64,66
p32628_ub_model_A	63,66,155,157,158,159,176,177,178,180,181,184,63,66,155,157,158,159,176,177,178,180,181,184
p32628_ub_model_B	8,9,10,37,46,47,49,68,70,71,75,76,8,9,10,37,46,47,49,68,70,71,75,76
p39538_ub_model_A	371,372,373,374,459,460,461,463,464,467,487,488,543,548,549,550,555,971,980,981,982,983,984,1014,1015,1016,1018,1019,1064,1065,1066,1067,1068,371,372,373,374,459,460,461,463,464,467,487,488,543,548,549,550,555,971,980,981,982,983,984,1014,1015,1016,1018,1019,1064,1065,1066,1067,1068
p39538_ub_model_B	6,7,8,9,10,11,12,13,14,34,35,36,46,47,65,68,69,70,71,72,73,74,75,76,6,7,8,9,10,11,12,13,14,34,35,36,46,47,65,68,69,70,71,72,73,74,75,76
q04214_ub_model_A	214,215,218,219,222,226,244,245,214,215,218,219,222,226,244,245
q04214_ub_model_B	8,45,46,47,48,49,68,72,73,75,8,45,46,47,48,49,68,72,73,75
q12395_ub_model_A	24,25,26,44,45,48,51,52,24,25,26,44,45,48,51,52
q12395_ub_model_B	46,47,48,49,70,71,72,73,46,47,48,49,70,71,72,73
q12391_ub_model_A	214,215,218,219,221,222,225,226,230,231,244,245,214,215,218,219,221,222,225,226,230,231,244,245
q12391_ub_model_B	8,42,43,44,45,46,47,49,68,72,76,8,42,43,44,45,46,47,49,68,72,76
q06336_ub_model_A	40,43,85,88,170,171,174,178,272,276,40,43,85,88,170,171,174,178,272,276
q06336_ub_model_B	20,21,46,47,48,49,54,58,60,65,20,21,46,47,48,49,54,58,60,65
p38339_ub_model_A	481,482,483,592,593,594,595,596,662,663,664,481,482,483,592,593,594,595,596,662,663,664
p38339_ub_model_B	8,12,40,46,47,64,70,71,72,73,74,75,8,12,40,46,47,64,70,71,72,73,74,75
q06682_ub_model_A	364,365,368,369,371,372,373,364,365,368,369,371,372,373
q06682_ub_model_B	8,9,45,46,47,72,73,8,9,45,46,47,72,73
p53137_ub_model_A	327,328,348,349,352,355,527,327,328,348,349,352,355,527
p53137_ub_model_B	46,47,48,49,68,72,73,75,76,46,47,48,49,68,72,73,75,76
p38187_ub_model_A	146,147,149,150,431,432,433,435,436,495,500,501,502,507,533,535,536,537,538,565,567,568,577,615,616,617,618,619,146,147,149,150,431,432,433,435,436,495,500,501,502,507,533,535,536,537,538,565,567,568,577,615,616,617,618,619
p38187_ub_model_B	8,9,10,11,12,13,14,35,36,40,46,47,48,49,62,63,64,65,66,70,71,72,73,74,75,76,8,9,10,11,12,13,14,35,36,40,46,47,48,49,62,63,64,65,66,70,71,72,73,74,75,76
p30620_ub_model_A	148,149,162,163,164,166,167,209,211,212,251,256,148,149,162,163,164,166,167,209,211,212,251,256
p30620_ub_model_B	8,9,10,11,25,28,34,35,36,38,47,49,71,72,73,74,75,8,9,10,11,25,28,34,35,36,38,47,49,71,72,73,74,75
p36026_ub_model_A	80,81,305,306,307,308,387,388,389,392,395,438,439,469,474,475,476,481,506,515,516,517,518,519,604,605,607,645,646,647,648,649,80,81,305,306,307,308,387,388,389,392,395,438,439,469,474,475,476,481,506,515,516,517,518,519,604,605,607,645,646,647,648,649
p36026_ub_model_B	7,8,9,10,11,12,13,14,34,35,36,46,47,49,60,64,70,71,72,73,74,75,76,7,8,9,10,11,12,13,14,34,35,36,46,47,49,60,64,70,71,72,73,74,75,76
q08960_ub_model_A	335,336,337,338,354,355,362,365,367,368,369,370,371,372,335,336,337,338,354,355,362,365,367,368,369,370,371,372
q08960_ub_model_B	8,9,10,47,48,49,68,71,72,73,74,75,8,9,10,47,48,49,68,71,72,73,74,75
q08923_ub_model_A	255,256,259,260,262,263,264,255,256,259,260,262,263,264
q08923_ub_model_B	44,45,46,47,48,72,73,75,44,45,46,47,48,72,73,75
q12392_ub_model_A	341,344,345,348,352,341,344,345,348,352
q12392_ub_model_B	7,8,9,35,36,71,72,73,7,8,9,35,36,71,72,73
p35180_ub_model_A	67,68,71,74,75,78,79,67,68,71,74,75,78,79
p35180_ub_model_B	8,47,68,70,72,73,8,47,68,70,72,73
q08774_ub_model_A	84,86,87,88,226,230,232,234,235,236,84,86,87,88,226,230,232,234,235,236
q08774_ub_model_B	8,46,47,48,49,68,70,71,72,73,8,46,47,48,49,68,70,71,72,73
p32488_ub_model_A	161,166,169,170,173,176,177,161,166,169,170,173,176,177
p32488_ub_model_B	8,9,10,32,35,36,37,47,70,71,72,75,8,9,10,32,35,36,37,47,70,71,72,75
p53152_ub_model_A	18,19,20,23,24,27,28,29,31,33,42,43,44,55,56,57,18,19,20,23,24,27,28,29,31,33,42,43,44,55,56,57
p53152_ub_model_B	8,9,10,45,46,47,48,65,66,8,9,10,45,46,47,48,65,66
p38630_ub_model_A	579,582,636,638,639,579,582,636,638,639
p38630_ub_model_B	8,47,48,49,73,74,75,8,47,48,49,73,74,75
p36134_ub_model_A	148,149,151,152,155,199,202,203,205,148,149,151,152,155,199,202,203,205
p36134_ub_model_B	7,8,9,10,35,36,47,48,71,72,73,7,8,9,10,35,36,47,48,71,72,73
q01477_ub_model_A	467,468,469,470,583,584,585,587,588,591,595,688,690,719,724,725,726,731,747,753,754,755,756,784,786,787,809,857,858,859,860,861,467,468,469,470,583,584,585,587,588,591,595,688,690,719,724,725,726,731,747,753,754,755,756,784,786,787,809,857,858,859,860,861
q01477_ub_model_B	6,7,8,9,10,11,12,14,35,36,37,46,47,48,49,64,65,66,70,71,72,73,74,75,76,6,7,8,9,10,11,12,14,35,36,37,46,47,48,49,64,65,66,70,71,72,73,74,75,76
p04819_ub_model_A	330,331,332,333,342,345,346,349,373,374,375,377,330,331,332,333,342,345,346,349,373,374,375,377
p04819_ub_model_B	8,9,47,48,49,68,70,71,72,73,74,76,8,9,47,48,49,68,70,71,72,73,74,76
q04383_ub_model_A	417,420,421,424,425,426,427,438,439,440,490,494,495,498,499,502,417,420,421,424,425,426,427,438,439,440,490,494,495,498,499,502
q04383_ub_model_B	8,24,25,32,34,35,36,37,71,73,74,75,76,8,24,25,32,34,35,36,37,71,73,74,75,76
q03213_ub_model_A	170,171,173,174,175,178,170,171,173,174,175,178
q03213_ub_model_B	45,46,47,66,72,73,45,46,47,66,72,73
p38884_ub_model_A	79,84,105,106,107,108,109,110,111,112,113,262,263,264,79,84,105,106,107,108,109,110,111,112,113,262,263,264
p38884_ub_model_B	8,45,46,47,64,65,66,76,8,45,46,47,64,65,66,76
p43593_ub_model_A	116,117,118,119,207,208,209,212,215,258,259,279,284,285,286,287,316,318,319,326,328,443,444,445,446,447,116,117,118,119,207,208,209,212,215,258,259,279,284,285,286,287,316,318,319,326,328,443,444,445,446,447
p43593_ub_model_B	8,9,10,11,12,14,33,34,35,36,46,47,48,49,64,65,68,70,71,72,73,74,75,76,8,9,10,11,12,14,33,34,35,36,46,47,48,49,64,65,68,70,71,72,73,74,75,76
p47014_ub_model_A	23,24,25,26,27,59,63,66,157,158,161,223,225,226,229,233,240,241,244,23,24,25,26,27,59,63,66,157,158,161,223,225,226,229,233,240,241,244
p47014_ub_model_B	8,9,36,46,47,48,49,73,74,75,76,8,9,36,46,47,48,49,73,74,75,76
p53202_ub_model_A	278,279,331,335,338,339,342,278,279,331,335,338,339,342
p53202_ub_model_B	45,46,47,48,49,59,60,63,64,65,45,46,47,48,49,59,60,63,64,65
p53094_ub_model_A	279,298,299,300,336,337,338,339,340,344,279,298,299,300,336,337,338,339,340,344
p53094_ub_model_B	9,47,71,72,73,9,47,71,72,73
p04385_ub_model_A	28,74,75,97,159,160,161,162,481,482,490,491,494,506,507,508,511,28,74,75,97,159,160,161,162,481,482,490,491,494,506,507,508,511
p04385_ub_model_B	7,8,9,10,46,47,70,71,74,75,76,7,8,9,10,46,47,70,71,74,75,76
p0c2i5_ub_model_A	214,215,218,219,222,225,226,230,245,246,1499,1500,1501,1505,1506,1507,214,215,218,219,222,225,226,230,245,246,1499,1500,1501,1505,1506,1507
p0c2i5_ub_model_B	8,37,45,46,47,48,49,68,70,71,72,73,74,75,76,8,37,45,46,47,48,49,68,70,71,72,73,74,75,76
p32389_ub_model_A	84,86,91,95,98,99,102,149,152,84,86,91,95,98,99,102,149,152
p32389_ub_model_B	45,46,47,68,72,73,75,45,46,47,68,72,73,75
p0cx70_ub_model_A	214,215,218,222,225,226,243,244,214,215,218,222,225,226,243,244
p0cx70_ub_model_B	8,45,46,47,48,49,68,70,71,72,73,75,76,8,45,46,47,48,49,68,70,71,72,73,75,76
p38284_ub_model_A	66,70,192,194,199,202,203,206,207,229,234,235,240,241,242,246,247,248,253,255,66,70,192,194,199,202,203,206,207,229,234,235,240,241,242,246,247,248,253,255
p38284_ub_model_B	7,8,9,10,11,28,29,34,35,36,38,39,42,46,47,48,49,51,52,53,62,64,65,66,72,73,75,76,7,8,9,10,11,28,29,34,35,36,38,39,42,46,47,48,49,51,52,53,62,64,65,66,72,73,75,76
q12084_ub_model_A	36,37,38,183,184,187,191,216,217,36,37,38,183,184,187,191,216,217
q12084_ub_model_B	46,47,48,49,68,72,73,75,76,46,47,48,49,68,72,73,75,76
q02875_ub_model_A	763,764,767,768,771,774,775,784,787,788,790,791,763,764,767,768,771,774,775,784,787,788,790,791
q02875_ub_model_B	8,9,10,47,70,71,72,73,8,9,10,47,70,71,72,73
p53728_ub_model_A	53,64,65,66,67,68,93,96,97,211,212,213,214,53,64,65,66,67,68,93,96,97,211,212,213,214
p53728_ub_model_B	6,7,8,9,10,34,35,36,46,70,71,72,73,6,7,8,9,10,34,35,36,46,70,71,72,73
q04706_ub_model_A	214,215,218,226,244,245,214,215,218,226,244,245
q04706_ub_model_B	42,43,44,45,46,47,48,49,68,70,72,73,76,42,43,44,45,46,47,48,49,68,70,72,73,76
p52491_ub_model_A	42,71,115,116,117,127,131,135,138,141,142,144,147,148,42,71,115,116,117,127,131,135,138,141,142,144,147,148
p52491_ub_model_B	8,9,46,47,48,49,72,73,74,75,76,8,9,46,47,48,49,72,73,74,75,76
p14736_ub_model_A	586,618,621,624,625,628,629,631,586,618,621,624,625,628,629,631
p14736_ub_model_B	7,8,47,48,68,71,72,73,7,8,47,48,68,71,72,73
p38226_ub_model_A	50,53,54,101,102,103,104,105,128,129,130,132,183,211,212,213,214,215,50,53,54,101,102,103,104,105,128,129,130,132,183,211,212,213,214,215
p38226_ub_model_B	8,68,70,72,73,74,75,76,8,68,70,72,73,74,75,76
p45978_ub_model_A	13,15,17,61,62,64,65,271,274,275,276,277,13,15,17,61,62,64,65,271,274,275,276,277
p45978_ub_model_B	16,25,28,32,33,35,37,72,73,76,16,25,28,32,33,35,37,72,73,76
q12468_ub_model_A	121,122,123,124,125,127,130,131,134,158,159,174,177,180,184,187,188,121,122,123,124,125,127,130,131,134,158,159,174,177,180,184,187,188
q12468_ub_model_B	7,8,9,10,35,36,40,48,49,71,72,73,74,75,76,7,8,9,10,35,36,40,48,49,71,72,73,74,75,76
q03856_ub_model_A	214,215,218,222,225,226,244,245,214,215,218,222,225,226,244,245
q03856_ub_model_B	8,45,46,47,48,49,68,70,72,73,75,8,45,46,47,48,49,68,70,72,73,75
q04049_ub_model_A	103,130,567,570,571,573,574,575,578,582,583,586,598,103,130,567,570,571,573,574,575,578,582,583,586,598
q04049_ub_model_B	8,9,35,36,45,46,47,48,64,65,66,71,72,73,74,75,76,8,9,35,36,45,46,47,48,64,65,66,71,72,73,74,75,76
p0c2i4_ub_model_A	171,174,175,176,195,196,252,253,256,263,264,268,282,283,171,174,175,176,195,196,252,253,256,263,264,268,282,283
p0c2i4_ub_model_B	8,9,10,11,40,42,43,44,45,46,47,48,49,68,70,72,73,74,75,76,8,9,10,11,40,42,43,44,45,46,47,48,49,68,70,72,73,74,75,76
p53327_ub_model_A	303,304,448,451,452,455,456,457,480,735,1391,1394,303,304,448,451,452,455,456,457,480,735,1391,1394
p53327_ub_model_B	8,9,10,35,36,37,46,47,70,71,72,73,75,76,8,9,10,35,36,37,46,47,70,71,72,73,75,76
p38260_ub_model_A	74,75,76,77,117,118,119,162,163,74,75,76,77,117,118,119,162,163
p38260_ub_model_B	45,46,47,48,58,59,60,61,62,45,46,47,48,58,59,60,61,62
p23585_ub_model_A	36,37,38,41,285,286,288,289,290,292,293,36,37,38,41,285,286,288,289,290,292,293
p23585_ub_model_B	9,45,46,47,48,62,64,65,70,72,75,9,45,46,47,48,62,64,65,70,72,75
q03306_ub_model_A	102,105,106,108,226,227,526,527,530,534,595,596,597,598,599,600,601,653,654,860,863,864,867,870,871,102,105,106,108,226,227,526,527,530,534,595,596,597,598,599,600,601,653,654,860,863,864,867,870,871
q03306_ub_model_B	7,8,9,10,11,34,35,45,46,47,48,58,62,65,66,67,68,69,70,71,72,73,75,7,8,9,10,11,34,35,45,46,47,48,58,62,65,66,67,68,69,70,71,72,73,75
p47136_ub_model_A	4,42,50,51,54,55,57,58,1102,1103,1105,1139,1205,1206,1207,4,42,50,51,54,55,57,58,1102,1103,1105,1139,1205,1206,1207
p47136_ub_model_B	9,11,13,25,28,29,32,33,34,35,45,46,47,57,58,59,75,9,11,13,25,28,29,32,33,34,35,45,46,47,57,58,59,75
q08747_ub_model_A	14,15,16,17,18,19,20,31,35,36,117,141,142,145,146,163,164,183,186,14,15,16,17,18,19,20,31,35,36,117,141,142,145,146,163,164,183,186
q08747_ub_model_B	8,25,32,33,34,35,36,37,47,70,71,72,73,74,8,25,32,33,34,35,36,37,47,70,71,72,73,74
p53155_ub_model_A	26,27,28,96,97,98,99,100,151,152,155,156,215,216,285,26,27,28,96,97,98,99,100,151,152,155,156,215,216,285
p53155_ub_model_B	8,9,39,40,42,46,47,48,70,71,72,73,74,75,76,8,9,39,40,42,46,47,48,70,71,72,73,74,75,76
q12112_ub_model_A	214,215,218,222,226,244,245,214,215,218,222,226,244,245
q12112_ub_model_B	45,46,47,48,49,68,71,72,73,75,76,45,46,47,48,49,68,71,72,73,75,76
p39728_ub_model_A	123,126,127,129,130,133,134,137,138,139,140,143,221,224,227,228,123,126,127,129,130,133,134,137,138,139,140,143,221,224,227,228
p39728_ub_model_B	9,10,46,47,48,49,72,73,74,9,10,46,47,48,49,72,73,74
p33748_ub_model_A	651,652,669,670,671,672,685,686,690,651,652,669,670,671,672,685,686,690
p33748_ub_model_B	17,18,25,28,29,32,35,37,38,39,76,17,18,25,28,29,32,35,37,38,39,76
p22108_ub_model_A	116,117,187,188,189,218,221,222,225,226,229,322,325,116,117,187,188,189,218,221,222,225,226,229,322,325
p22108_ub_model_B	42,44,45,46,47,48,49,67,68,70,72,42,44,45,46,47,48,49,67,68,70,72
p53324_ub_model_A	169,197,198,199,200,407,410,411,413,416,417,419,420,422,423,424,169,197,198,199,200,407,410,411,413,416,417,419,420,422,423,424
p53324_ub_model_B	7,8,9,45,46,47,48,49,68,69,70,71,72,73,76,7,8,9,45,46,47,48,49,68,69,70,71,72,73,76
q12086_ub_model_A	160,161,162,163,289,290,160,161,162,163,289,290
q12086_ub_model_B	46,47,49,46,47,49
p53119_ub_model_A	590,593,595,597,598,599,600,841,844,870,871,872,874,875,876,877,878,900,903,904,905,906,907,908,909,590,593,595,597,598,599,600,841,844,870,871,872,874,875,876,877,878,900,903,904,905,906,907,908,909
p53119_ub_model_B	8,35,36,37,47,72,73,74,75,76,8,35,36,37,47,72,73,74,75,76
p25357_ub_model_A	605,606,607,608,609,621,889,890,891,925,928,605,606,607,608,609,621,889,890,891,925,928
p25357_ub_model_B	7,8,9,15,16,17,28,29,31,32,33,34,35,36,47,70,71,72,73,7,8,9,15,16,17,28,29,31,32,33,34,35,36,47,70,71,72,73
q12071_ub_model_A	541,542,543,544,545,627,628,629,541,542,543,544,545,627,628,629
q12071_ub_model_B	11,32,33,34,35,36,37,75,11,32,33,34,35,36,37,75
p22035_ub_model_A	420,421,422,423,424,425,426,433,434,436,437,420,421,422,423,424,425,426,433,434,436,437
p22035_ub_model_B	8,9,10,47,48,49,71,72,73,8,9,10,47,48,49,71,72,73
p43558_ub_model_A	116,117,118,119,120,156,157,158,159,175,176,177,178,179,182,199,205,206,221,222,266,116,117,118,119,120,156,157,158,159,175,176,177,178,179,182,199,205,206,221,222,266
p43558_ub_model_B	8,9,34,35,36,39,47,48,71,72,73,74,75,76,8,9,34,35,36,39,47,48,71,72,73,74,75,76
o13563_ub_model_A	41,42,66,67,41,42,66,67
o13563_ub_model_B	8,9,42,46,47,49,68,70,71,72,73,8,9,42,46,47,49,68,70,71,72,73
p40505_ub_model_A	79,83,79,83
p40505_ub_model_B	46,47,48,72,73,75,46,47,48,72,73,75
p31755_ub_model_A	104,166,167,187,188,253,254,255,256,332,333,334,335,336,337,344,443,445,446,447,463,464,465,466,467,468,104,166,167,187,188,253,254,255,256,332,333,334,335,336,337,344,443,445,446,447,463,464,465,466,467,468
p31755_ub_model_B	7,8,38,39,42,46,47,48,49,51,52,53,54,58,59,60,68,69,70,72,73,75,7,8,38,39,42,46,47,48,49,51,52,53,54,58,59,60,68,69,70,72,73,75
