chain_id	sequence_md5	nres	ndom	chopping	confidence	time_sec
p0cx65_ub_modelA	b4cdd506c3b93157e300ed6c7f7d209f	440	1	178-356	0.669	5.601
q06677_ub_modelA	5e0dd6d02f0d3313a64536470e59f695	668	3	141-233,368-514,554-665	0.775	0.301
q6q5p6_ub_modelA	93e9fe5440fa939bc982d69a1de2b382	413	2	11-141,155-378	0.77	0.149
p32499_ub_modelB	4bbff14e49fc0da0d3902dab2290abdd	76	1	2-71	0.994	0.031
p53137_ub_modelA	01d8e50c7178a33a5f93acd9d7dafa5e	624	3	28-296,318-363,466-545	0.743	0.258
q99222_ub_modelB	4bbff14e49fc0da0d3902dab2290abdd	76	1	2-71	0.994	0.026
q08096_ub_modelA	27d01c37b8c36d04d7e12e0e33955f77	367	3	9-170,181-184_288-355,188-285	0.864	0.119
q12514_ub_modelB	4bbff14e49fc0da0d3902dab2290abdd	76	1	2-71	0.994	0.024
q12086_ub_modelA	36b0ba61d1372dfd3656e70455fd15de	430	3	6-202,209-281,282-347	0.814	0.206
p40559_ub_modelA	6d10f710b26e51fb271525cda25fc064	946	4	2-229_498-503,230-497,505-518_828-945,519-827	0.867	0.494
p34222_ub_modelA	81e65100ebc6d4379b2863a2986b0d0d	208	1	79-207	0.936	0.095
q06682_ub_modelA	2ed87771e7176a61f5ce1a4b8c99fa4a	500	3	1-51,204-335,400-494	0.861	0.323
q04383_ub_modelA	177f6c07f9c9a50f9ed1b77702f609b3	521	2	91-228,385-501	0.889	0.271
p53923_ub_modelA	d43563b39c9cd28b55aa55144165aee4	493	3	16-150_190-290,151-189_357-463,319-351	0.64	0.178
q03407_ub_modelB	4bbff14e49fc0da0d3902dab2290abdd	76	1	2-71	0.993	0.025
o13535_ub_modelB	4bbff14e49fc0da0d3902dab2290abdd	76	1	2-71	0.994	0.023
p39967_ub_modelB	4bbff14e49fc0da0d3902dab2290abdd	76	1	2-70	0.988	0.022
p54000_ub_modelB	4bbff14e49fc0da0d3902dab2290abdd	76	1	2-71	0.994	0.023
p0cx65_ub_modelB	4bbff14e49fc0da0d3902dab2290abdd	76	1	2-71	0.994	0.022
p0cx68_ub_modelB	4bbff14e49fc0da0d3902dab2290abdd	76	1	2-71	0.994	0.022
p0cx73_ub_modelA	51fcb0990818b993c9022913f3ccfe46	440	1	178-356	0.705	0.143
p0cx59_ub_modelB	4bbff14e49fc0da0d3902dab2290abdd	76	1	2-71	0.993	0.024
p38339_ub_modelB	4bbff14e49fc0da0d3902dab2290abdd	76	1	2-71	0.994	0.023
p0cx70_ub_modelA	51fcb0990818b993c9022913f3ccfe46	440	1	178-356	0.705	0.144
p40453_ub_modelA	b22490fd9f2d508518a085c720deba5e	1071	4	23-141,153-192,203-210_588-830_944-1068,266-511	0.781	0.792
p32909_ub_modelB	4bbff14e49fc0da0d3902dab2290abdd	76	1	2-71	0.994	0.026
q05874_ub_modelB	4bbff14e49fc0da0d3902dab2290abdd	76	1	2-71	0.994	0.022
p53259_ub_modelB	4bbff14e49fc0da0d3902dab2290abdd	76	1	2-71	0.992	0.023
p40985_ub_modelA	e0bc6eeff5fc9e02d4eb6692034ac978	892	3	108-461,462-462_464-470_472-773,783-885	0.774	0.516
q12242_ub_modelA	49382db821227418635661b4c1c3e536	671	4	4-40,152-308_533-640,309-434_515-530,435-511	0.754	0.434
p14736_ub_modelA	a8eeb055c7fcf7b50915d09b23d0b181	754	3	134-438,439-537,538-630	0.84	0.335
q06336_ub_modelA	12454b90c92034c289d72088553576fd	557	3	21-202,203-316,443-553	0.847	0.212
p23202_ub_modelB	4bbff14e49fc0da0d3902dab2290abdd	76	1	2-71	0.994	0.025
q08412_ub_modelB	4bbff14e49fc0da0d3902dab2290abdd	76	1	2-71	0.994	0.023
p25334_ub_modelA	5ed1676620500353becb3aaf3c57b8e0	318	1	30-267	0.861	0.101
p47136_ub_modelA	ade1dbfa4e9854cd3b62ba2e73563941	1447	3	1-40_43-44_46-69,891-1064_1286-1420,1071-1285_1421-1446	0.685	0.951
p43593_ub_modelA	8a099a89e0e674ad5cc6bf5dfa0387a5	499	3	5-74,110-231_343-345_348-496,235-342	0.79	0.188
q12266_ub_modelB	4bbff14e49fc0da0d3902dab2290abdd	76	1	2-71	0.993	0.099
q08096_ub_modelB	4bbff14e49fc0da0d3902dab2290abdd	76	1	2-70	0.992	0.023
p0cx75_ub_modelA	e0711daaa343b1a3836f391f88e57638	440	1	178-354	0.732	0.144
p22108_ub_modelB	4bbff14e49fc0da0d3902dab2290abdd	76	1	2-71	0.994	0.023
p14682_ub_modelB	4bbff14e49fc0da0d3902dab2290abdd	76	1	2-71	0.993	0.022
p35732_ub_modelB	4bbff14e49fc0da0d3902dab2290abdd	76	1	2-71	0.994	0.022
p33338_ub_modelA	fbbbe5fe87a21b3e01cd6c018e479c80	968	3	3-274,364-551,552-911	0.814	0.512
p43588_ub_modelA	f248108515ab49bda2ac09f847cca21d	306	2	26-204,223-305	0.938	0.098
p38753_ub_modelA	9ec3bb2d79bfd186bc7f57535ef75cdc	452	3	3-144,221-273,279-377	0.85	0.159
p0cx59_ub_modelA	dbf3943ab279f3a501ad638e5a533514	440	1	178-352	0.739	0.145
p40462_ub_modelA	b97d574bce5586322d5cf1aeb3729d38	946	3	6-225,228-488,492-944	0.804	0.426
p32783_ub_modelA	b2d0990542a58d64fd4f2e53746ce426	436	2	71-132,135-423	0.836	0.157
q07843_ub_modelA	2bff8be8ebbe2b7393a6a2bd8f28c235	230	1	8-226	0.778	0.129
p32521_ub_modelA	2d22df61c8ebfd7202eea4fea3036621	1480	3	240-396_553-699_893-965_971-984,780-892_966-970,1012-1037_1044-1179	0.59	0.997
q12511_ub_modelA	098960badaa27a16e83d9a1e3fd8be78	572	2	129-326_403-560,330-384	0.79	0.22
q12112_ub_modelA	b0680664716f95c25c2bc16d6269ec4b	1755	5	178-360,457-570,593-644,652-888,897-945_1144-1751	0.724	2.039
p53324_ub_modelA	7d6d97448c9381bb784090838e5f6bee	424	2	39-115,121-283_313-423	0.707	0.145
q06336_ub_modelB	4bbff14e49fc0da0d3902dab2290abdd	76	1	2-71	0.993	0.095
p38856_ub_modelB	4bbff14e49fc0da0d3902dab2290abdd	76	1	2-71	0.994	0.024
p32849_ub_modelB	4bbff14e49fc0da0d3902dab2290abdd	76	1	2-71	0.994	0.023
p32571_ub_modelB	4bbff14e49fc0da0d3902dab2290abdd	76	1	2-70	0.987	0.022
q04228_ub_modelA	0e89661263cfe3d90ab9ada03cdfa2da	584	3	3-58,100-360,400-580	0.888	0.227
p36069_ub_modelB	4bbff14e49fc0da0d3902dab2290abdd	76	1	2-71	0.994	0.025
p0cx68_ub_modelA	b4cdd506c3b93157e300ed6c7f7d209f	440	1	178-356	0.669	0.132
p38630_ub_modelB	4bbff14e49fc0da0d3902dab2290abdd	76	1	2-71	0.994	0.024
p23202_ub_modelA	4e2bd848cee075a82407b9825a6f9c47	354	2	101-196,206-352	0.818	0.11
p52491_ub_modelB	4bbff14e49fc0da0d3902dab2290abdd	76	1	2-71	0.994	0.023
p32909_ub_modelA	0aff07b473a69cf121afb7f98740906c	740	1	207-289_624-726	0.652	0.315
q06651_ub_modelB	4bbff14e49fc0da0d3902dab2290abdd	76	1	2-71	0.995	0.025
p31377_ub_modelB	4bbff14e49fc0da0d3902dab2290abdd	76	1	2-71	0.995	0.022
q04383_ub_modelB	4bbff14e49fc0da0d3902dab2290abdd	76	1	2-71	0.994	0.022
p38996_ub_modelB	4bbff14e49fc0da0d3902dab2290abdd	76	1	2-71	0.993	0.023
p14736_ub_modelB	4bbff14e49fc0da0d3902dab2290abdd	76	1	2-71	0.994	0.022
p40353_ub_modelA	4d9b36aa643faa43649b4e896741080f	525	2	6-232,240-523	0.844	0.163
q12271_ub_modelB	4bbff14e49fc0da0d3902dab2290abdd	76	1	2-71	0.993	0.024
p04385_ub_modelB	4bbff14e49fc0da0d3902dab2290abdd	76	1	2-71	0.994	0.023
p38764_ub_modelB	4bbff14e49fc0da0d3902dab2290abdd	76	1	2-71	0.995	0.023
p16550_ub_modelA	fc0a0e5e470ab638e172555d61ad710a	321	3	6-163,171-259,264-306	0.616	0.084
p43588_ub_modelB	4bbff14e49fc0da0d3902dab2290abdd	76	1	2-71	0.992	0.025
p53874_ub_modelA	ed250cdbbdeff463254e93befe819754	792	1	352-522_582-733	0.779	0.501
p36026_ub_modelB	4bbff14e49fc0da0d3902dab2290abdd	76	1	2-70	0.987	0.025
q08923_ub_modelB	4bbff14e49fc0da0d3902dab2290abdd	76	1	2-71	0.994	0.024
p40956_ub_modelB	4bbff14e49fc0da0d3902dab2290abdd	76	1	2-71	0.994	0.023
q12071_ub_modelA	0d23728414bff7f413f1a28578e4b7ab	889	4	168-348,349-391,405-651,656-883	0.799	0.437
p53237_ub_modelB	4bbff14e49fc0da0d3902dab2290abdd	76	1	2-71	0.994	0.025
p38856_ub_modelA	e37a38fb0a469f6d2911672dc46c021a	637	1	3-275	0.718	0.245
p15703_ub_modelA	8d2926404e150aab78e0ed4a4c8728fc	313	1	27-304	0.979	0.085
p25369_ub_modelB	4bbff14e49fc0da0d3902dab2290abdd	76	1	2-71	0.994	0.025
q99303_ub_modelA	30ec5e7027eb23a4dc5c0b1936566fee	438	1	174-352	0.714	0.144
q03213_ub_modelA	a551f951d4f7c12889ff8100caa2f26e	719	2	6-308,611-716	0.574	0.303
p53836_ub_modelA	96a9c7588ba1333c155d841bb377d3d4	1060	2	60-234_368-465_604-694_698-717,239-367_695-697	0.693	0.577
p14682_ub_modelA	1efb6eae6c41a5166ab4a08d94eecfe5	295	1	3-191	0.891	0.165
p40477_ub_modelB	4bbff14e49fc0da0d3902dab2290abdd	76	1	2-71	0.993	0.025
p32790_ub_modelB	4bbff14e49fc0da0d3902dab2290abdd	76	1	2-71	0.994	0.023
p38764_ub_modelA	e765821bd761bbee1c9970e536dd7799	993	3	40-331,334-653_713-909,910-985	0.797	0.546
p38893_ub_modelA	fb307764c8178c75e18dd57330db62aa	341	2	12-65_172-340,70-169	0.578	0.093
p33324_ub_modelB	4bbff14e49fc0da0d3902dab2290abdd	76	1	2-71	0.994	0.023
q08960_ub_modelB	4bbff14e49fc0da0d3902dab2290abdd	76	1	2-71	0.994	0.022
p38346_ub_modelB	4bbff14e49fc0da0d3902dab2290abdd	76	1	2-71	0.993	0.022
q06266_ub_modelB	4bbff14e49fc0da0d3902dab2290abdd	76	1	2-71	0.994	0.022
p0cx70_ub_modelB	4bbff14e49fc0da0d3902dab2290abdd	76	1	2-71	0.994	0.022
q04049_ub_modelA	7726194727799ab43607348a01bb8c5f	632	5	6-30_136-296,31-135,302-378,394-520,551-600	0.852	0.367
p39940_ub_modelA	23c93f2be5c4d927436221fe8fd72265	809	5	3-137,183-205_590-640,225-288_692-802,337-447,448-589_641-689	0.771	0.588
p43558_ub_modelB	4bbff14e49fc0da0d3902dab2290abdd	76	1	2-71	0.993	0.023
p47014_ub_modelA	b2d258cb7a99e3aac7d6aa8ff290e748	750	2	28-300,314-749	0.957	0.326
p53744_ub_modelB	4bbff14e49fc0da0d3902dab2290abdd	76	1	2-71	0.994	0.025
q12511_ub_modelB	4bbff14e49fc0da0d3902dab2290abdd	76	1	2-71	0.995	0.023
p38285_ub_modelB	4bbff14e49fc0da0d3902dab2290abdd	76	1	2-71	0.993	0.023
p10961_ub_modelA	419945a5fe2d2b79fbc456c178a54e00	833	2	174-197_201-201_324-324_339-694,200-200_202-323_325-335	0.623	0.444
p43593_ub_modelB	4bbff14e49fc0da0d3902dab2290abdd	76	1	2-70	0.988	0.026
p40151_ub_modelB	4bbff14e49fc0da0d3902dab2290abdd	76	1	2-71	0.994	0.023
q99222_ub_modelA	3b92408566ee6f9cb88f17d3974272a3	893	4	1-108_155-161_166-331,113-154_162-165,347-567,574-722_768-890	0.734	0.444
p24869_ub_modelB	4bbff14e49fc0da0d3902dab2290abdd	76	1	2-71	0.993	0.026
p47011_ub_modelB	4bbff14e49fc0da0d3902dab2290abdd	76	1	2-71	0.994	0.023
p08004_ub_modelA	4fbb2485d43e535269c30780cb4f3357	1131	2	386-744,750-973_1023-1130	0.753	0.65
p38270_ub_modelA	033eb1b33b1c361436dab9cd59990fe8	344	2	16-64_166-343,71-165	0.621	0.096
p39969_ub_modelB	4bbff14e49fc0da0d3902dab2290abdd	76	1	2-71	0.994	0.024
p39988_ub_modelA	9d004f4c1b490658a4ab644e3d11807a	312	1	3-311	0.793	0.084
q04215_ub_modelB	4bbff14e49fc0da0d3902dab2290abdd	76	1	2-71	0.993	0.024
p36104_ub_modelB	4bbff14e49fc0da0d3902dab2290abdd	76	1	2-71	0.995	0.023
p38237_ub_modelB	4bbff14e49fc0da0d3902dab2290abdd	76	1	2-70	0.987	0.023
q03407_ub_modelA	5586284fd11c66f9db24a2e245dfa783	766	3	8-23_59-203,209-441,521-701	0.864	0.493
q06682_ub_modelB	4bbff14e49fc0da0d3902dab2290abdd	76	1	2-71	0.994	0.024
p38284_ub_modelB	4bbff14e49fc0da0d3902dab2290abdd	76	1	2-71	0.994	0.104
p25566_ub_modelB	4bbff14e49fc0da0d3902dab2290abdd	76	1	2-70	0.989	0.024
q12085_ub_modelA	a1a1c1e83fd1707516d144dfde9ee6ca	440	1	178-356	0.68	0.145
q12040_ub_modelA	42bde13f9411e67cca58eea8f9b75af4	230	1	16-217	0.969	0.059
q05785_ub_modelA	e90bdddf29030de104c2f8a6d7d30cce	613	2	3-156,176-422	0.693	0.201
p25623_ub_modelB	4bbff14e49fc0da0d3902dab2290abdd	76	1	2-71	0.994	0.026
q12071_ub_modelB	4bbff14e49fc0da0d3902dab2290abdd	76	1	2-71	0.994	0.022
p40505_ub_modelB	4bbff14e49fc0da0d3902dab2290abdd	76	1	2-71	0.994	0.023
q02159_ub_modelB	4bbff14e49fc0da0d3902dab2290abdd	76	1	2-71	0.992	0.023
p54860_ub_modelB	4bbff14e49fc0da0d3902dab2290abdd	76	1	2-71	0.994	0.022
p39728_ub_modelA	1d69ebec068da6b71b6ff299610db39f	267	1	17-230	0.784	0.082
p54000_ub_modelA	38801e86f4fd0d33ccd636edab2c9015	292	1	39-105	0.664	0.082
p0cx69_ub_modelB	4bbff14e49fc0da0d3902dab2290abdd	76	1	2-71	0.994	0.024
p25580_ub_modelB	4bbff14e49fc0da0d3902dab2290abdd	76	1	2-70	0.993	0.023
q05610_ub_modelB	4bbff14e49fc0da0d3902dab2290abdd	76	1	2-71	0.994	0.022
p39538_ub_modelB	4bbff14e49fc0da0d3902dab2290abdd	76	1	2-70	0.987	0.022
p30620_ub_modelB	4bbff14e49fc0da0d3902dab2290abdd	76	1	2-71	0.994	0.023
q05812_ub_modelA	310cef6da4990d28ad17b70127660eff	728	0	NULL	0.632	0.249
p25623_ub_modelA	56fd59964558050945e375d2ddc0ace1	870	2	6-246,574-868	0.777	0.353
q12271_ub_modelA	ef4baa4976188a1a2e07edf7ca672dd6	1107	3	2-151_153-155_539-541,152-152_156-530,544-863	0.794	0.71
o13563_ub_modelA	f629e98f506fd74e778f543abc94dc90	156	1	8-130	0.966	0.044
p34909_ub_modelB	4bbff14e49fc0da0d3902dab2290abdd	76	1	2-71	0.994	0.022
p32849_ub_modelA	52b0d11f192e6c332b74d1ce8964275e	1169	5	64-120,166-397_475-515,404-474_518-767,787-886_990-1168,889-989	0.844	0.995
q04201_ub_modelA	10fb2e5f5bb6a43ababd3cdcc522b98d	117	1	76-113	0.789	0.035
p36026_ub_modelA	cbf15de222f50bcb481ff0766e27dc86	717	3	5-125,291-405,408-516_582-716	0.732	0.314
p08004_ub_modelB	4bbff14e49fc0da0d3902dab2290abdd	76	1	2-71	0.993	0.026
p34909_ub_modelA	9c874d10113db170a3a2936153190f26	587	3	4-126,127-278,422-506	0.816	0.276
q08412_ub_modelA	a4101e46d0fca93841475990910902e7	411	2	100-144,168-266	0.678	0.115
p50102_ub_modelB	4bbff14e49fc0da0d3902dab2290abdd	76	1	2-70	0.988	0.026
q12347_ub_modelA	fb32112fe339ca0d135a3267bdf2a159	344	3	9-66,96-188,196-336	0.872	0.114
p38346_ub_modelA	1ddc311b0afa5ade001f1a7cd049b25a	545	1	234-543	0.757	0.242
q12514_ub_modelA	3c8c6b42573eca94fbb9f1fa0c213c87	560	4	3-111,119-210,332-396,464-556	0.844	0.286
q92392_ub_modelB	4bbff14e49fc0da0d3902dab2290abdd	76	1	2-71	0.993	0.025
p25579_ub_modelB	4bbff14e49fc0da0d3902dab2290abdd	76	1	2-71	0.994	0.023
q12049_ub_modelA	86008824d434414619f50414b95f4951	470	2	164-369,370-469	0.78	0.135
p32783_ub_modelB	4bbff14e49fc0da0d3902dab2290abdd	76	1	2-71	0.994	0.024
q05468_ub_modelB	4bbff14e49fc0da0d3902dab2290abdd	76	1	2-71	0.994	0.023
p09368_ub_modelA	315b8eb070f1eba069084e8085bee754	476	2	61-433,436-474	0.789	0.141
p48582_ub_modelB	4bbff14e49fc0da0d3902dab2290abdd	76	1	2-71	0.994	0.022
p38747_ub_modelB	4bbff14e49fc0da0d3902dab2290abdd	76	1	2-71	0.993	0.022
p38226_ub_modelA	141822812a81b92a9997b68230be27de	397	2	1-54_368-396,55-366	0.713	0.112
q6q546_ub_modelA	7c1b7aa091e9fe583d361d07550fb86c	73	1	2-72	0.997	0.025
p0c2i5_ub_modelA	f840118f59ecfff48bfa2b24db8d54ff	1755	4	178-353,457-570,593-931,1215-1751	0.707	2.058
q12245_ub_modelA	1fda10138ac22356335e566acea09b3a	148	1	3-146	0.996	0.042
p28273_ub_modelB	4bbff14e49fc0da0d3902dab2290abdd	76	1	2-71	0.996	0.1
p22515_ub_modelB	4bbff14e49fc0da0d3902dab2290abdd	76	1	2-70	0.987	0.023
q04214_ub_modelA	aa5b52cef748d6e9deb563e9bdc1e85b	1755	5	178-312,313-390_433-570,593-888,895-911_1117-1136_1210-1225_1485-1751,912-937_1226-1484	0.722	2.011
p33338_ub_modelB	4bbff14e49fc0da0d3902dab2290abdd	76	1	2-71	0.994	0.026
q01477_ub_modelB	4bbff14e49fc0da0d3902dab2290abdd	76	1	2-70	0.988	0.023
q01477_ub_modelA	b3ca98b7b081046c594191054128bd8e	912	3	190-232,425-657,669-910	0.726	0.449
p32488_ub_modelA	24e49a3ac15e540c50f5e96b522b3299	338	0	NULL	0.681	0.089
p31755_ub_modelB	4bbff14e49fc0da0d3902dab2290abdd	76	1	2-71	0.993	0.025
q04706_ub_modelA	d529f45460fe5158ec823dd22a4e8ea6	440	1	178-356	0.711	0.144
p38041_ub_modelB	4bbff14e49fc0da0d3902dab2290abdd	76	1	2-71	0.994	0.025
p53155_ub_modelA	06eccf36d5094d4a285ba12234b68a76	381	2	4-128_190-258,136-186	0.814	0.126
q06417_ub_modelB	4bbff14e49fc0da0d3902dab2290abdd	76	1	2-71	0.994	0.023
p36037_ub_modelB	4bbff14e49fc0da0d3902dab2290abdd	76	1	2-71	0.99	0.022
p32499_ub_modelA	3c0b23162dcbee9a2c675fc613fd0964	720	1	85-140_593-719	0.735	0.317
q06287_ub_modelA	b65005edc8eae0d0399e9542d3f7fd43	252	1	41-249	0.776	0.067
p39969_ub_modelA	88425a5a754d46a13c76baa500883c20	1040	3	47-106_745-886,174-353,906-999	0.739	0.534
p38428_ub_modelA	d0fd23ff59dc06b5cb7358754d4922e1	203	2	67-104,148-202	0.836	0.065
p20134_ub_modelB	4bbff14e49fc0da0d3902dab2290abdd	76	1	2-71	0.994	0.024
q12490_ub_modelA	46ad421f3f85278b39c5fd8224a84cbc	1755	5	178-247_439-570,248-361,593-897_1210-1221,898-940_1225-1484,1486-1751	0.718	1.931
p0cx71_ub_modelB	4bbff14e49fc0da0d3902dab2290abdd	76	1	2-71	0.994	0.026
q03964_ub_modelB	4bbff14e49fc0da0d3902dab2290abdd	76	1	2-71	0.993	0.023
p48510_ub_modelB	4bbff14e49fc0da0d3902dab2290abdd	76	1	2-71	0.994	0.022
q12518_ub_modelB	4bbff14e49fc0da0d3902dab2290abdd	76	1	2-71	0.994	0.023
p10961_ub_modelB	4bbff14e49fc0da0d3902dab2290abdd	76	1	2-71	0.994	0.022
p33202_ub_modelB	4bbff14e49fc0da0d3902dab2290abdd	76	1	2-71	0.994	0.023
p33748_ub_modelB	4bbff14e49fc0da0d3902dab2290abdd	76	1	2-71	0.994	0.022
p25334_ub_modelB	4bbff14e49fc0da0d3902dab2290abdd	76	1	2-71	0.993	0.022
q05812_ub_modelB	4bbff14e49fc0da0d3902dab2290abdd	76	1	2-71	0.994	0.023
q03306_ub_modelA	ce59c2f38d530155413782328decf99b	898	2	8-328_856-897,504-666	0.777	0.514
q6q5p6_ub_modelB	4bbff14e49fc0da0d3902dab2290abdd	76	1	2-71	0.993	0.024
q12245_ub_modelB	4bbff14e49fc0da0d3902dab2290abdd	76	1	2-71	0.993	0.023
p38884_ub_modelB	4bbff14e49fc0da0d3902dab2290abdd	76	1	2-71	0.994	0.022
q06266_ub_modelA	1015bfdde5d7e3973de1b83d84cf2961	489	2	104-240,364-466	0.902	0.254
p40480_ub_modelB	4bbff14e49fc0da0d3902dab2290abdd	76	1	2-71	0.994	0.025
q02863_ub_modelB	4bbff14e49fc0da0d3902dab2290abdd	76	1	2-70	0.989	0.023
p53388_ub_modelA	80c3ebe1bc06a97f917782abc661ecf8	608	2	75-552,568-605	0.749	0.363
p23201_ub_modelA	032b6b58c60187444eb6c93c7dbbb872	1466	2	1-259_1304-1304_1306-1465,406-522	0.591	0.949
p40985_ub_modelB	4bbff14e49fc0da0d3902dab2290abdd	76	1	2-71	0.993	0.026
p40151_ub_modelA	f72e93adedd9fd6b25b1797160be4234	587	5	7-37,114-293,299-381,395-489,490-565	0.877	0.332
p53119_ub_modelA	567e82de492432476e9f475493b072ff	910	5	32-420,437-543,554-690_755-793,692-754,801-902	0.791	0.543
p35180_ub_modelA	b4e218c7f23627e973871c0fdacd8593	183	2	6-69,70-180	0.722	0.049
q03964_ub_modelA	0ad0120da60e76bd312a14fe71f4bb5e	440	1	178-360	0.705	0.144
q12112_ub_modelB	4bbff14e49fc0da0d3902dab2290abdd	76	1	2-71	0.993	0.024
p53137_ub_modelB	4bbff14e49fc0da0d3902dab2290abdd	76	1	2-71	0.994	0.023
p40210_ub_modelA	1ac8d0399f168f0f204e543b1ca6baa8	489	2	78-391,394-487	0.827	0.169
q12395_ub_modelA	9e0c0d724e1fc6337f4310809f460687	269	3	13-53,73-173,174-268	0.885	0.088
p38957_ub_modelB	4bbff14e49fc0da0d3902dab2290abdd	76	1	2-71	0.994	0.024
p38237_ub_modelA	e17e81049aa4159493ae97992b68aafe	781	6	1-164,172-299,313-440_711-780,441-561,578-626,652-688	0.859	0.362
p32790_ub_modelA	95dc72774994a2da8414fe0fdfaa732e	1244	3	6-133_334-412,254-333_561-723,422-557	0.715	0.757
p40343_ub_modelB	4bbff14e49fc0da0d3902dab2290abdd	76	1	2-71	0.993	0.026
p32521_ub_modelB	4bbff14e49fc0da0d3902dab2290abdd	76	1	2-71	0.994	0.023
p38270_ub_modelB	4bbff14e49fc0da0d3902dab2290abdd	76	1	2-71	0.994	0.022
p03877_ub_modelB	4bbff14e49fc0da0d3902dab2290abdd	76	1	2-71	0.993	0.023
q6q546_ub_modelB	4bbff14e49fc0da0d3902dab2290abdd	76	1	2-71	0.994	0.026
p35180_ub_modelB	4bbff14e49fc0da0d3902dab2290abdd	76	1	2-71	0.994	0.022
p28778_ub_modelA	3eba87c1291798587ed94e1b85315532	131	1	2-130	0.924	0.035
p36037_ub_modelA	fa3e22014ff6e714f36404391892c7b3	715	4	4-309,311-367,378-438,480-714	0.92	0.4
p50101_ub_modelA	db4154f6c8929e568eebd81bb705eebd	1230	6	12-182,198-313_417-566,314-411,575-874,875-979,982-1211	0.875	1.075
q12260_ub_modelB	4bbff14e49fc0da0d3902dab2290abdd	76	1	2-71	0.996	0.025
p38339_ub_modelA	cdc70b5a80e13794045d88288b1405cf	666	3	19-300,474-557,565-662	0.743	0.271
q12084_ub_modelA	c382bbfebda16f790201796a1f1d1e13	232	1	3-230	0.837	0.062
p53155_ub_modelB	4bbff14e49fc0da0d3902dab2290abdd	76	1	2-71	0.993	0.023
p04385_ub_modelA	b28aafb96d1858a638aa3e83f8b47abf	528	2	13-245_521-527,266-517	0.783	0.184
p0cx74_ub_modelA	e0711daaa343b1a3836f391f88e57638	440	1	178-354	0.732	0.148
p40480_ub_modelA	8bd3e062a99b863df2f1a433c4135f67	1083	2	333-502_505-657,866-1078	0.66	0.68
q06417_ub_modelA	635161cc025813025b27c7ac55728715	326	2	3-56,65-295	0.862	0.09
p43558_ub_modelA	b64a979a900e566a1f8d628a0fe2f553	301	3	2-74,98-259,269-299	0.905	0.094
p39728_ub_modelB	4bbff14e49fc0da0d3902dab2290abdd	76	1	2-71	0.995	0.025
p32609_ub_modelA	86361992642387c1dea999d6180574f2	515	4	92-135,148-307,312-449,452-512	0.916	0.222
p38889_ub_modelA	8cab94b23898b0032a1f941b20678035	622	2	86-184,378-502	0.801	0.298
p25604_ub_modelA	e8fb424cdbbde1463a1604d8364ce478	385	2	11-152,312-381	0.847	0.123
p40167_ub_modelA	c1f29fef7731ed0295fd81623ed71cd2	298	2	34-102,136-295	0.871	0.099
p53744_ub_modelA	de391f501cd0b0556acc82f7e59c3f90	561	1	47-559	0.715	0.185
q12392_ub_modelB	4bbff14e49fc0da0d3902dab2290abdd	76	1	2-71	0.996	0.025
q12040_ub_modelB	4bbff14e49fc0da0d3902dab2290abdd	76	1	2-71	0.994	0.024
p38817_ub_modelB	4bbff14e49fc0da0d3902dab2290abdd	76	1	2-71	0.994	0.022
p32389_ub_modelA	d3ceba00b7724f771666da31be167165	672	1	77-436_541-541_543-671	0.602	0.227
p53728_ub_modelB	4bbff14e49fc0da0d3902dab2290abdd	76	1	2-71	0.994	0.024
p10862_ub_modelB	4bbff14e49fc0da0d3902dab2290abdd	76	1	2-71	0.994	0.023
p0cx60_ub_modelB	4bbff14e49fc0da0d3902dab2290abdd	76	1	2-71	0.993	0.022
q08774_ub_modelB	4bbff14e49fc0da0d3902dab2290abdd	76	1	2-71	0.994	0.022
p36134_ub_modelB	4bbff14e49fc0da0d3902dab2290abdd	76	1	2-71	0.994	0.022
q01476_ub_modelA	0c8d828cb5f605c5838f87e3b0b8ef85	1272	5	64-251_363-487,254-354,508-732,733-968,970-1263	0.807	1.149
p34223_ub_modelA	51cff1ece9504485c3897f0c5310d613	423	3	6-72,233-290,349-422	0.769	0.142
p38824_ub_modelA	9a44456e9ab31ffb9179daeed68cfeb2	151	1	61-150	0.809	0.042
p0cx72_ub_modelA	51fcb0990818b993c9022913f3ccfe46	440	1	178-356	0.705	0.146
p25566_ub_modelA	4b4d23cc3f0641d8631eb4647bb553f2	168	1	49-167	0.83	0.044
p0cx75_ub_modelB	4bbff14e49fc0da0d3902dab2290abdd	76	1	2-71	0.994	0.023
p53094_ub_modelA	a0f326459873ac690d909424a230a27d	1487	3	3-453,460-522_1006-1157_1243-1483,526-589	0.719	1.008
q03306_ub_modelB	4bbff14e49fc0da0d3902dab2290abdd	76	1	2-71	0.993	0.026
p33324_ub_modelA	5e2f9568905c2111b24328b0ddecff02	310	2	5-82,86-306	0.911	0.084
q06677_ub_modelB	4bbff14e49fc0da0d3902dab2290abdd	76	1	2-71	0.993	0.024
p47136_ub_modelB	4bbff14e49fc0da0d3902dab2290abdd	76	1	2-71	0.994	0.023
p39944_ub_modelA	2f759a67698070a978ea3723f6d6838f	805	4	14-137,146-282,454-564_740-803,575-719	0.842	0.618
p39940_ub_modelB	4bbff14e49fc0da0d3902dab2290abdd	76	1	2-71	0.992	0.025
p38824_ub_modelB	4bbff14e49fc0da0d3902dab2290abdd	76	1	2-71	0.995	0.024
q03856_ub_modelB	4bbff14e49fc0da0d3902dab2290abdd	76	1	2-71	0.993	0.024
p36134_ub_modelA	b85218e5733bf0b212ebbca1db0b4b78	250	2	97-126,135-249	0.807	0.076
p46944_ub_modelA	ba2b9862d1c4e2baca14947dd8a6c668	698	3	5-355,356-573,576-680	0.794	0.3
p38285_ub_modelA	66dc1e71d5fe59c48da99f97ad6529bd	549	1	43-513	0.681	0.175
p36143_ub_modelA	2de03a7d9f07600b893ad714412761f7	616	1	4-290	0.793	0.198
p09368_ub_modelB	4bbff14e49fc0da0d3902dab2290abdd	76	1	2-71	0.993	0.024
q03856_ub_modelA	1c1b2d0666f8b6df22e5266c9aace042	440	1	178-356	0.715	0.144
q05785_ub_modelB	4bbff14e49fc0da0d3902dab2290abdd	76	1	2-71	0.994	0.023
p45978_ub_modelB	4bbff14e49fc0da0d3902dab2290abdd	76	1	2-71	0.994	0.022
p38747_ub_modelA	19aec9c16ac25f50fa8acb591b8006b6	307	3	13-72,86-146,150-306	0.922	0.082
p38817_ub_modelA	91e5aa7f1ae593671f9acd6ffa94f60d	585	3	25-209,212-329,472-581	0.849	0.224
p0cx76_ub_modelB	4bbff14e49fc0da0d3902dab2290abdd	76	1	2-71	0.994	0.024
p39967_ub_modelA	53697b72a1c14e15a28421ed13a2b594	754	2	114-197_228-458_606-705,472-605	0.689	0.525
p53388_ub_modelB	4bbff14e49fc0da0d3902dab2290abdd	76	1	2-71	0.995	0.025
p25357_ub_modelB	4bbff14e49fc0da0d3902dab2290abdd	76	1	2-71	0.994	0.023
p38889_ub_modelB	4bbff14e49fc0da0d3902dab2290abdd	76	1	2-71	0.994	0.022
p53923_ub_modelB	4bbff14e49fc0da0d3902dab2290abdd	76	1	2-71	0.994	0.023
p35732_ub_modelA	a76245fc69b1f52c91eb4555c27c29ac	738	1	418-419_436-718	0.605	0.284
q02863_ub_modelA	90fd2c8ec7e05c1a70211f60baf8d14d	499	4	53-196,207-258_329-396,259-328,397-496	0.725	0.185
p0cx60_ub_modelA	dbf3943ab279f3a501ad638e5a533514	440	1	178-352	0.739	0.146
p31377_ub_modelA	b8c9b2766791f95618c03f5b0056df3e	255	2	1-79,156-254	0.699	0.066
q12107_ub_modelA	4f7617254e7eb62eff221708ad951808	265	2	73-178,189-264	0.662	0.069
p22035_ub_modelB	4bbff14e49fc0da0d3902dab2290abdd	76	1	2-71	0.994	0.023
p0cx66_ub_modelA	b4cdd506c3b93157e300ed6c7f7d209f	440	1	178-356	0.669	0.132
p53337_ub_modelA	7302a7a49e713a146ffbbc6c7a62d333	310	1	61-309	0.884	0.085
p53962_ub_modelB	4bbff14e49fc0da0d3902dab2290abdd	76	1	2-71	0.994	0.022
q12260_ub_modelA	49ff925296b866a0726bf857e38ac1db	438	2	174-265,266-356	0.752	0.144
p10823_ub_modelB	4bbff14e49fc0da0d3902dab2290abdd	76	1	2-71	0.993	0.023
o13563_ub_modelB	4bbff14e49fc0da0d3902dab2290abdd	76	1	2-71	0.993	0.022
q12049_ub_modelB	4bbff14e49fc0da0d3902dab2290abdd	76	1	2-71	0.994	0.022
p0cx67_ub_modelB	4bbff14e49fc0da0d3902dab2290abdd	76	1	2-71	0.994	0.022
p53119_ub_modelB	4bbff14e49fc0da0d3902dab2290abdd	76	1	2-71	0.993	0.023
q12485_ub_modelA	fda0a2a8c3ad8c3e13d0702fbcace623	440	1	178-356	0.674	0.225
p53259_ub_modelA	98df7f32b347a4ebc1fffbec3f4881a8	346	1	87-345	0.85	0.112
p32609_ub_modelB	4bbff14e49fc0da0d3902dab2290abdd	76	1	2-71	0.993	0.024
p23585_ub_modelB	4bbff14e49fc0da0d3902dab2290abdd	76	1	2-71	0.994	0.023
p38260_ub_modelB	4bbff14e49fc0da0d3902dab2290abdd	76	1	2-71	0.993	0.022
p53337_ub_modelB	4bbff14e49fc0da0d3902dab2290abdd	76	1	2-71	0.995	0.023
q08774_ub_modelA	74056b7f39e63f5f3157b829d2eca614	242	1	6-238	0.915	0.063
p28273_ub_modelA	5b1e437df9f10dc6bab88d264e76642f	1286	6	6-91_255-361_520-529,97-254,362-519_646-729,532-639,748-1103,1115-1274	0.765	1.186
p34222_ub_modelB	4bbff14e49fc0da0d3902dab2290abdd	76	1	2-71	0.994	0.023
p32628_ub_modelB	4bbff14e49fc0da0d3902dab2290abdd	76	1	2-71	0.994	0.022
p53094_ub_modelB	4bbff14e49fc0da0d3902dab2290abdd	76	1	2-71	0.994	0.022
p53962_ub_modelA	e5efebd54811c8dc5969174dfcfe12f5	389	1	4-322	0.843	0.108
q12441_ub_modelB	4bbff14e49fc0da0d3902dab2290abdd	76	1	2-71	0.994	0.024
p40505_ub_modelA	5ff00dbad6681dccd69107478a5348ac	327	1	13-315	0.819	0.087
q92392_ub_modelA	2f5c6fa351fd86a83a6895b4ad192b16	440	2	178-300,306-356	0.744	0.146
p47068_ub_modelA	e81113ab52fd88caa44f6c7a4c98b1a5	1157	2	8-69_895-895_923-927_929-1155,260-428	0.668	0.714
p0cx71_ub_modelA	51fcb0990818b993c9022913f3ccfe46	440	1	178-356	0.705	0.147
p24869_ub_modelA	09ba421f8f63987aacec2063c3d33070	491	2	229-352,361-482	0.792	0.238
q12242_ub_modelB	4bbff14e49fc0da0d3902dab2290abdd	76	1	2-71	0.995	0.024
q12316_ub_modelA	7d387471276da64fed5c1f695fcb3c6c	1755	6	178-269,270-355,457-570,593-941,1232-1484,1486-1751	0.747	2.044
p40956_ub_modelA	8f49e7396bd83833baff52c6fb7b88e6	396	3	4-142,146-243,299-374	0.813	0.17
p53202_ub_modelB	4bbff14e49fc0da0d3902dab2290abdd	76	1	2-71	0.994	0.024
p0cx69_ub_modelA	b4cdd506c3b93157e300ed6c7f7d209f	440	1	178-356	0.669	0.133
p40462_ub_modelB	4bbff14e49fc0da0d3902dab2290abdd	76	1	2-71	0.995	0.025
p22515_ub_modelA	319de106c34a062a060e203c26feada3	1024	6	16-174_356-392,183-264,269-354,394-591_863-909,599-860,916-1023	0.839	0.806
p32389_ub_modelB	4bbff14e49fc0da0d3902dab2290abdd	76	1	2-71	0.994	0.028
p40477_ub_modelA	b2756739bfca635e2fbf8f1e6357a4d3	1460	2	2-403,1178-1459	0.726	0.803
q03213_ub_modelB	4bbff14e49fc0da0d3902dab2290abdd	76	1	2-71	0.994	0.026
p00912_ub_modelB	4bbff14e49fc0da0d3902dab2290abdd	76	1	2-71	0.994	0.023
p00912_ub_modelA	3f91ef38560455405ae19fb4558864e4	224	1	13-223	0.995	0.057
q08923_ub_modelA	a93de05d1b73bbe000d8efcaf65c7a23	506	2	89-167,229-504	0.701	0.176
p32571_ub_modelA	651b0b083a7b3aaa021d724cb70e6cbb	926	4	1-169,170-329,563-677_860-923,688-852	0.825	0.473
p40453_ub_modelB	4bbff14e49fc0da0d3902dab2290abdd	76	1	2-70	0.988	0.025
q12316_ub_modelB	4bbff14e49fc0da0d3902dab2290abdd	76	1	2-71	0.993	0.023
p50102_ub_modelA	78c884b18aafd309dad657242988d34b	471	3	5-124,145-268,274-470	0.795	0.159
p34216_ub_modelB	4bbff14e49fc0da0d3902dab2290abdd	76	1	2-71	0.994	0.025
p38630_ub_modelA	1382259bcab164009a94f6591f1ce06f	861	4	106-249,256-474,480-668,669-776	0.831	0.676
q08960_ub_modelA	35a3d647df09054d91163b66813cb206	810	3	3-43,194-370,422-769	0.853	0.383
p04819_ub_modelB	4bbff14e49fc0da0d3902dab2290abdd	76	1	2-71	0.994	0.025
p03877_ub_modelA	db8428a414a7c8ace22cfad70c362216	415	2	1-214,243-407	0.885	0.119
p25604_ub_modelB	4bbff14e49fc0da0d3902dab2290abdd	76	1	2-71	0.994	0.024
q12003_ub_modelB	4bbff14e49fc0da0d3902dab2290abdd	76	1	2-71	0.993	0.023
p25580_ub_modelA	63b80eab6e1edcb283957c00a1f6604c	416	2	3-208,209-374	0.928	0.116
p15731_ub_modelA	96a69062a8b988fe1daa74d3442ca5d5	148	1	2-147	0.984	0.039
p40343_ub_modelA	a073319160ddbdc1fe2e431a0aa60dfe	622	3	6-144,190-247,304-439	0.758	0.25
p25037_ub_modelB	4bbff14e49fc0da0d3902dab2290abdd	76	1	2-71	0.991	0.023
p0cx66_ub_modelB	4bbff14e49fc0da0d3902dab2290abdd	76	1	2-71	0.994	0.023
p0cx72_ub_modelB	4bbff14e49fc0da0d3902dab2290abdd	76	1	2-71	0.994	0.023
p18414_ub_modelB	4bbff14e49fc0da0d3902dab2290abdd	76	1	2-71	0.994	0.022
p10823_ub_modelA	3fb78fa3b7eaa16a3250e0b748855350	449	2	122-149_274-445,153-271	0.788	0.154
p53152_ub_modelA	2324151effbc4fa7df5bcc087336e497	137	1	6-121	0.963	0.039
p38207_ub_modelB	4bbff14e49fc0da0d3902dab2290abdd	76	1	2-71	0.993	0.023
q06287_ub_modelB	4bbff14e49fc0da0d3902dab2290abdd	76	1	2-71	0.993	0.023
p47976_ub_modelB	4bbff14e49fc0da0d3902dab2290abdd	76	1	2-71	0.994	0.023
p25579_ub_modelA	1214e9f2ab545a92cc068dc9ebe657ff	583	0	NULL	0.684	0.256
p38428_ub_modelB	4bbff14e49fc0da0d3902dab2290abdd	76	1	2-71	0.993	0.026
q12266_ub_modelA	cce7be731f33acfde85d0d6ade26f05f	440	2	178-269,270-361	0.694	0.146
q04214_ub_modelB	4bbff14e49fc0da0d3902dab2290abdd	76	1	2-71	0.993	0.025
p0c2i4_ub_modelB	4bbff14e49fc0da0d3902dab2290abdd	76	1	2-71	0.994	0.023
q12003_ub_modelA	a1204040fc52ecf00f232cf058906c5c	364	2	1-120,125-361	0.691	0.1
p40210_ub_modelB	4bbff14e49fc0da0d3902dab2290abdd	76	1	2-71	0.995	0.026
q02875_ub_modelA	d7d2c86a6c7dfda7e0d2ab4e5d9d3cda	849	2	151-351_732-827,517-634	0.639	0.391
q12485_ub_modelB	4bbff14e49fc0da0d3902dab2290abdd	76	1	2-71	0.993	0.025
p25369_ub_modelA	78dfdb36207940a11835c863eefc55bd	354	2	8-201,208-296	0.869	0.094
p0c2i4_ub_modelA	dd4383bcb0faccbc4aa345b1497cf01b	478	1	178-394	0.786	0.169
q12392_ub_modelA	089e6e40c9d48659670fbdae90a7e7f6	438	1	174-351	0.715	0.145
p47014_ub_modelB	4bbff14e49fc0da0d3902dab2290abdd	76	1	2-71	0.995	0.023
q02875_ub_modelB	4bbff14e49fc0da0d3902dab2290abdd	76	1	2-71	0.994	0.023
p50101_ub_modelB	4bbff14e49fc0da0d3902dab2290abdd	76	1	2-70	0.987	0.023
p35127_ub_modelB	4bbff14e49fc0da0d3902dab2290abdd	76	1	2-71	0.993	0.022
p38260_ub_modelA	39c78bd41644f7304a161618e486837f	290	1	1-289	0.827	0.078
p36104_ub_modelA	31caafc102c8cf8ca4fe9d0dc2a1f807	329	1	8-326	0.991	0.088
p18414_ub_modelA	1a7926d2ffae3492fc33c7156f6cc80d	219	1	3-215	0.811	0.058
p38207_ub_modelA	2e7e0075526dd2eb9348e43af5a6bf0e	520	2	3-386,483-519	0.901	0.241
p36069_ub_modelA	c2ff99fb1f8facda4bb82a31d0709743	295	1	4-291	0.94	0.079
p25344_ub_modelA	d9202c9ec4cd2ff6bdecaf5dceb7f1ce	346	2	32-152,249-324	0.75	0.113
q12085_ub_modelB	4bbff14e49fc0da0d3902dab2290abdd	76	1	2-71	0.993	0.026
q12490_ub_modelB	4bbff14e49fc0da0d3902dab2290abdd	76	1	2-71	0.994	0.024
p15731_ub_modelB	4bbff14e49fc0da0d3902dab2290abdd	76	1	2-71	0.994	0.023
p0cx73_ub_modelB	4bbff14e49fc0da0d3902dab2290abdd	76	1	2-71	0.994	0.023
p32488_ub_modelB	4bbff14e49fc0da0d3902dab2290abdd	76	1	2-71	0.993	0.023
p20134_ub_modelA	1fab42d32be70809be0392be5f77b93a	766	1	65-392	0.708	0.28
p39988_ub_modelB	4bbff14e49fc0da0d3902dab2290abdd	76	1	2-71	0.994	0.026
q02887_ub_modelB	4bbff14e49fc0da0d3902dab2290abdd	76	1	2-71	0.993	0.023
p47976_ub_modelA	abb1c06827b92316d2c1133059d7d3e4	325	1	211-284	0.66	0.1
q04706_ub_modelB	4bbff14e49fc0da0d3902dab2290abdd	76	1	2-71	0.994	0.023
p25357_ub_modelA	e5d28bd40e61fa3e79326dcb5421cdd5	1226	2	420-634_637-652_657-658_665-666_668-668,659-664_667-667_669-762_773-961	0.607	0.596
q12084_ub_modelB	4bbff14e49fc0da0d3902dab2290abdd	76	1	2-71	0.994	0.026
p48510_ub_modelA	a0db56b447e926f6cff25d9c3e0e6d44	373	3	3-77_322-370,145-220,280-313	0.824	0.182
p32628_ub_modelA	18f1658de8449492aa71445de2cfca09	398	4	2-72,145-191,259-319,355-396	0.871	0.179
p22035_ub_modelA	fb350730c60ffd59191387726a996fef	811	1	22-246_398-454	0.726	0.454
p47099_ub_modelA	ec930ecba075ae2f6b7ce5baef7fcc73	440	1	178-356	0.714	0.149
p40559_ub_modelB	4bbff14e49fc0da0d3902dab2290abdd	76	1	2-71	0.994	0.024
p36143_ub_modelB	4bbff14e49fc0da0d3902dab2290abdd	76	1	2-71	0.993	0.024
p0c2i5_ub_modelB	4bbff14e49fc0da0d3902dab2290abdd	76	1	2-71	0.994	0.022
q05610_ub_modelA	7748c98864b34b588e5d223a7e6dde14	365	1	74-263	0.702	0.096
p38957_ub_modelA	b2d685694346826b2e5db5a7ccc31568	223	1	8-222	0.711	0.06
p30620_ub_modelA	005ab2b4cbb198a2775bd2c2e21b31e7	661	3	117-176,216-382_610-660,389-606	0.839	0.276
p25037_ub_modelA	5eb4fbf325ef402be838867ec1ba6a95	809	5	1-71,88-266_667-740,275-384_455-504,385-454,538-613	0.693	0.542
q04511_ub_modelB	4bbff14e49fc0da0d3902dab2290abdd	76	1	2-71	0.994	0.025
q08747_ub_modelB	4bbff14e49fc0da0d3902dab2290abdd	76	1	2-71	0.995	0.022
p39538_ub_modelA	62f8814708529a6d343e95c629a6d686	1254	4	98-209,214-359_1137-1166,372-557_960-1129,561-827_903-956	0.848	1.185
q01476_ub_modelB	4bbff14e49fc0da0d3902dab2290abdd	76	1	2-71	0.99	0.026
p54860_ub_modelA	57dd88b99a39a97b563a0f1b5dd71bd7	961	4	3-268,269-628,636-878,883-960	0.709	0.504
p33748_ub_modelA	78cdb337e9d3d050bf1862b3a8ffde99	704	0	NULL	0.548	0.24
p38187_ub_modelA	ab77ee01dbcad3bee79a16caae2f9d36	747	2	120-209_292-462_601-711,473-600	0.721	0.333
q99303_ub_modelB	4bbff14e49fc0da0d3902dab2290abdd	76	1	2-71	0.996	0.025
p33202_ub_modelA	493c5dbc2ca882310b44075da1a90ec7	1483	6	42-74_88-172,81-87_815-984,173-702,712-814_986-1092,1093-1358,1367-1476	0.776	1.538
p38284_ub_modelA	360c75926f19c9d1ed3e160e66f0c208	255	0	NULL	0.739	0.063
p04819_ub_modelA	90889d31abc425e07825c48adf803553	755	4	123-307,316-382,395-601,608-754	0.874	0.571
p16550_ub_modelB	4bbff14e49fc0da0d3902dab2290abdd	76	1	2-71	0.994	0.024
p22108_ub_modelA	ad7cc397a0e95c43ba50a195c1d5f239	325	1	6-310	0.678	0.086
q04228_ub_modelB	4bbff14e49fc0da0d3902dab2290abdd	76	1	2-71	0.993	0.024
q07843_ub_modelB	4bbff14e49fc0da0d3902dab2290abdd	76	1	2-71	0.994	0.022
p25344_ub_modelB	4bbff14e49fc0da0d3902dab2290abdd	76	1	2-71	0.994	0.022
q05468_ub_modelA	527a615a89a279c6f49b4ee359b40924	723	2	176-644,647-680	0.702	0.317
p38226_ub_modelB	4bbff14e49fc0da0d3902dab2290abdd	76	1	2-71	0.995	0.027
q12468_ub_modelB	4bbff14e49fc0da0d3902dab2290abdd	76	1	2-71	0.992	0.023
p10862_ub_modelA	890b582e13cd3e7e002a1f278eaf78d6	487	3	8-101_254-343,187-216,354-412	0.799	0.206
p38996_ub_modelA	878c9e042e1e835b0f3c9e3f256ee51c	802	3	161-422,454-557,675-801	0.769	0.367
p40537_ub_modelB	4bbff14e49fc0da0d3902dab2290abdd	76	1	2-71	0.992	0.026
p47043_ub_modelA	239c28477397441972a5fc76bb9a0c9f	880	2	579-791,796-876	0.706	0.385
p53874_ub_modelB	4bbff14e49fc0da0d3902dab2290abdd	76	1	2-70	0.987	0.026
p39944_ub_modelB	4bbff14e49fc0da0d3902dab2290abdd	76	1	2-70	0.987	0.023
q04511_ub_modelA	51f3e40a310006f57952d114a3318f90	668	4	8-84,85-451,471-541,548-663	0.855	0.358
p53237_ub_modelA	62b022c6b31c0e39a6887803c09964ba	242	1	3-239	0.813	0.066
p47099_ub_modelB	4bbff14e49fc0da0d3902dab2290abdd	76	1	2-71	0.993	0.023
p38753_ub_modelB	4bbff14e49fc0da0d3902dab2290abdd	76	1	2-71	0.993	0.022
q04201_ub_modelB	4bbff14e49fc0da0d3902dab2290abdd	76	1	2-71	0.993	0.022
p23201_ub_modelB	4bbff14e49fc0da0d3902dab2290abdd	76	1	2-71	0.994	0.023
q02887_ub_modelA	9652354ff861a46c455a1ba46f494aa0	496	2	2-47_89-178,246-381_438-494	0.75	0.221
p53324_ub_modelB	4bbff14e49fc0da0d3902dab2290abdd	76	1	2-71	0.994	0.025
q04049_ub_modelB	4bbff14e49fc0da0d3902dab2290abdd	76	1	2-71	0.995	0.023
p47068_ub_modelB	4bbff14e49fc0da0d3902dab2290abdd	76	1	2-71	0.995	0.023
p52491_ub_modelA	44eb899767887d2b876e2d6c3df1b266	188	2	27-141,151-181	0.79	0.047
p38041_ub_modelA	47cc1a17fb180d4d8b558dd2f3b8d746	980	2	17-305,759-894	0.734	0.491
p53728_ub_modelA	e830b3f2b83875d6ac6232363dd22725	308	2	31-217,223-269	0.882	0.1
p48582_ub_modelA	5373956ee2c74b39ce3f350a7d38f9a4	844	2	18-332,344-841	0.781	0.356
q02732_ub_modelA	6804a9aae5fed450d4ec5100ec6e1112	369	2	45-243,244-366	0.834	0.105
p23585_ub_modelA	b26bab3674deb9473402c298631e9708	541	2	50-275_280-297,302-540	0.81	0.293
q12086_ub_modelB	4bbff14e49fc0da0d3902dab2290abdd	76	1	2-71	0.993	0.023
p45978_ub_modelA	f32ed658650bd3426c9ff3254e7ad48b	349	2	2-83,207-258	0.731	0.106
p38187_ub_modelB	4bbff14e49fc0da0d3902dab2290abdd	76	1	2-70	0.987	0.025
q02159_ub_modelA	0f2ced9d982392522650d4ea29fcbfb8	165	1	3-163	0.94	0.044
p53327_ub_modelA	e46dc2c7e01d1c8174bc2bf1cfd175a2	1967	7	61-202_730-730_734-818,215-261_493-698,262-492_705-729_731-733,825-1099,1123-1330_1538-1634,1335-1534,1635-1964	0.824	2.528
q05874_ub_modelA	2f1a570da5513dfe84a9364e79d26165	261	1	28-259	0.919	0.071
p38884_ub_modelA	21bcd8c5594e1f67eaa21b57e804a49d	321	1	90-319	0.863	0.103
q12391_ub_modelB	4bbff14e49fc0da0d3902dab2290abdd	76	1	2-71	0.993	0.024
p28778_ub_modelB	4bbff14e49fc0da0d3902dab2290abdd	76	1	2-71	0.995	0.022
p46989_ub_modelB	4bbff14e49fc0da0d3902dab2290abdd	76	1	2-71	0.995	0.023
p53327_ub_modelB	4bbff14e49fc0da0d3902dab2290abdd	76	1	2-71	0.994	0.022
q12347_ub_modelB	4bbff14e49fc0da0d3902dab2290abdd	76	1	2-71	0.995	0.022
p53202_ub_modelA	64a0c92758cef783f6ea5c5fbf682049	744	4	19-261,266-523_535-535_537-542,552-646,667-742	0.792	0.333
p12611_ub_modelB	4bbff14e49fc0da0d3902dab2290abdd	76	1	2-71	0.994	0.025
p12611_ub_modelA	eea68385015b1b8cc60d7301d5223329	486	2	18-126,150-298_407-482	0.787	0.254
p0cx67_ub_modelA	b4cdd506c3b93157e300ed6c7f7d209f	440	1	178-356	0.669	0.136
q08747_ub_modelA	bce15341f731ac1a3a697a9edb69c4b2	228	2	1-60,123-199	0.897	0.071
q12468_ub_modelA	83aa3fd70e54b88de786677d27bc79d7	440	2	5-253_422-439,257-421	0.834	0.125
p53836_ub_modelB	4bbff14e49fc0da0d3902dab2290abdd	76	1	2-71	0.994	0.024
p46989_ub_modelA	5d32a54e5e2c902faeb38e2ecf5d0eff	271	2	22-160,199-260	0.905	0.085
p31755_ub_modelA	169cb2efa8fd1e61da0d6aa05a12e1b0	480	2	1-192,196-463	0.617	0.142
p40167_ub_modelB	4bbff14e49fc0da0d3902dab2290abdd	76	1	2-71	0.994	0.025
p35127_ub_modelA	baf967635dcf9a376be4927984956ee0	236	1	15-233	0.825	0.06
q12107_ub_modelB	4bbff14e49fc0da0d3902dab2290abdd	76	1	2-71	0.994	0.023
p40537_ub_modelA	72020fdad51b267a0ec14cfdf4d2da21	1034	2	146-318,432-697_700-713	0.764	0.557
p34216_ub_modelA	0da13a33b429f7a186ef1a32fff32eaf	1381	1	12-224	0.647	0.837
o13535_ub_modelA	63757965696efdbdf0929ce27e1513c3	1793	5	178-312_626-682,321-393_1529-1789,495-608,690-958_1235-1261,962-983_1266-1528	0.721	2.115
q02732_ub_modelB	4bbff14e49fc0da0d3902dab2290abdd	76	1	2-71	0.994	0.026
p46944_ub_modelB	4bbff14e49fc0da0d3902dab2290abdd	76	1	2-71	0.994	0.023
q12395_ub_modelB	4bbff14e49fc0da0d3902dab2290abdd	76	1	2-71	0.993	0.023
p15703_ub_modelB	4bbff14e49fc0da0d3902dab2290abdd	76	1	2-71	0.993	0.023
p40353_ub_modelB	4bbff14e49fc0da0d3902dab2290abdd	76	1	2-71	0.994	0.023
p0cx76_ub_modelA	e0711daaa343b1a3836f391f88e57638	440	1	178-354	0.732	0.143
q06651_ub_modelA	d82fbb3d3ad4a68269a7cbf4e3445b2a	286	2	17-94,143-282	0.752	0.086
p0cx74_ub_modelB	4bbff14e49fc0da0d3902dab2290abdd	76	1	2-71	0.994	0.024
q12391_ub_modelA	bc9be5d065dbeb0755351a23747a81fd	440	1	178-361	0.703	0.143
p38893_ub_modelB	4bbff14e49fc0da0d3902dab2290abdd	76	1	2-71	0.995	0.025
p34223_ub_modelB	4bbff14e49fc0da0d3902dab2290abdd	76	1	2-71	0.994	0.023
p53152_ub_modelB	4bbff14e49fc0da0d3902dab2290abdd	76	1	2-71	0.993	0.023
q12518_ub_modelA	0d9d44b04cfee65e45f19d3afb04428d	454	3	3-155,165-285,286-383	0.777	0.154
q04215_ub_modelA	171d0813b175f8ce9c4352ab5b25a168	440	1	178-361	0.654	0.23
p47011_ub_modelA	6e3393f9aca7c9e02c7e47276e0b0988	380	2	4-227,236-317	0.788	0.107
q12441_ub_modelA	38372e375a118cc0400b728707b787f0	440	1	178-355	0.718	0.146
p47043_ub_modelB	4bbff14e49fc0da0d3902dab2290abdd	76	1	2-71	0.994	0.024
